idx,temp
0,-0.1
1,0.2
2,0.3
3,0.4
4,0.1
5,-0.3
6,-0.4
7,0.1
8,0.6
9,1.4
10,1.5
11,2.2
12,2.9
13,3.3
14,3.5
15,3.5
16,3.2
17,2.6
18,2.1
19,1.4
20,1.0
21,1.5
22,1.9
23,2.2
24,2.3
25,2.4
26,2.3
27,2.3
28,1.9
29,1.4
30,0.7
31,0.1
32,-0.4
33,-0.8
34,-0.5
35,-0.2
36,-0.1
37,0.1
38,0.1
39,0.3
40,0.3
41,0.3
42,0.4
43,0.2
44,-0.7
45,-0.2
46,-0.3
47,-1.0
48,-2.0
49,-2.4
50,-2.0
51,-1.7
52,-2.2
53,-2.8
54,-2.8
55,-2.5
56,-1.9
57,-1.3
58,-0.9
59,-0.5
60,-0.1
61,-0.3
62,-0.1
63,0.1
64,0.0
65,0.1
66,0.3
67,0.5
68,0.6
69,0.6
70,0.5
71,0.3
72,0.4
73,0.7
74,1.0
75,0.7
76,0.5
77,1.1
78,0.8
79,0.9
80,1.2
81,1.6
82,1.9
83,1.3
84,1.5
85,1.5
86,1.5
87,0.4
88,0.5
89,0.6
90,0.6
91,0.6
92,0.6
93,0.3
94,-0.2
95,-0.8
96,-2.0
97,-3.2
98,-4.4
99,-5.5
100,-5.7
101,-5.7
102,-6.0
103,-7.3
104,-7.6
105,-7.7
106,-7.6
107,-7.6
108,-7.7
109,-8.2
110,-8.5
111,-8.9
112,-9.2
113,-9.4
114,-10.1
115,-9.9
116,-10.0
117,-10.2
118,-10.2
119,-10.3
120,-11.1
121,-12.1
122,-12.7
123,-12.8
124,-13.0
125,-13.3
126,-13.4
127,-13.5
128,-12.9
129,-12.4
130,-12.1
131,-12.1
132,-12.2
133,-13.0
134,-13.7
135,-14.3
136,-14.8
137,-15.3
138,-15.7
139,-16.3
140,-16.7
141,-16.9
142,-17.2
143,-17.5
144,-18.0
145,-18.5
146,-18.3
147,-18.1
148,-18.2
149,-18.2
150,-18.3
151,-17.2
152,-14.6
153,-13.2
154,-12.5
155,-10.9
156,-10.1
157,-10.8
158,-11.7
159,-13.2
160,-14.0
161,-14.1
162,-14.8
163,-15.1
164,-14.8
165,-16.2
166,-16.7
167,-16.9
168,-17.3
169,-17.7
170,-17.9
171,-18.1
172,-18.1
173,-18.2
174,-18.6
175,-17.2
176,-13.1
177,-10.7
178,-8.8
179,-7.3
180,-6.1
181,-6.5
182,-7.6
183,-9.0
184,-9.5
185,-10.2
186,-11.4
187,-12.5
188,-12.4
189,-11.4
190,-11.7
191,-11.8
192,-11.1
193,-11.7
194,-10.6
195,-11.4
196,-11.2
197,-10.4
198,-10.5
199,-9.6
200,-7.4
201,-6.5
202,-5.0
203,-4.5
204,-3.9
205,-4.9
206,-6.0
207,-7.7
208,-9.4
209,-11.2
210,-12.4
211,-12.8
212,-12.4
213,-12.4
214,-12.0
215,-10.7
216,-10.3
217,-10.4
218,-10.7
219,-10.4
220,-9.7
221,-9.6
222,-9.5
223,-8.9
224,-9.1
225,-8.5
226,-7.5
227,-7.0
228,-6.7
229,-6.3
230,-6.1
231,-6.1
232,-6.1
233,-6.1
234,-6.6
235,-7.0
236,-8.0
237,-8.8
238,-9.7
239,-10.5
240,-11.4
241,-12.0
242,-12.5
243,-12.6
244,-13.2
245,-13.6
246,-13.9
247,-13.2
248,-11.6
249,-9.4
250,-7.5
251,-6.1
252,-4.1
253,-3.6
254,-4.3
255,-4.7
256,-5.1
257,-5.7
258,-6.7
259,-7.4
260,-7.7
261,-7.6
262,-7.1
263,-6.3
264,-6.8
265,-6.7
266,-5.9
267,-4.3
268,-3.4
269,-2.4
270,-1.0
271,0.1
272,0.7
273,1.2
274,1.5
275,1.5
276,1.7
277,1.7
278,1.5
279,1.3
280,1.3
281,1.7
282,1.9
283,2.0
284,2.0
285,1.9
286,1.4
287,0.6
288,0.2
289,-0.6
290,-0.7
291,-0.4
292,-0.5
293,-1.8
294,-3.0
295,-3.2
296,-3.2
297,-2.5
298,-1.0
299,0.4
300,1.4
301,1.7
302,1.8
303,1.7
304,1.6
305,1.5
306,0.8
307,1.0
308,1.4
309,1.3
310,1.2
311,1.9
312,1.3
313,0.7
314,0.5
315,0.4
316,0.4
317,0.5
318,0.5
319,0.5
320,0.6
321,0.8
322,1.1
323,1.2
324,1.2
325,0.9
326,0.6
327,0.3
328,0.1
329,-0.1
330,-0.1
331,-0.3
332,-0.7
333,-0.7
334,-0.7
335,-0.8
336,-0.8
337,-1.3
338,-1.9
339,-2.7
340,-2.9
341,-2.3
342,-1.5
343,-1.3
344,-0.6
345,0.1
346,0.8
347,1.0
348,0.8
349,-0.3
350,-0.6
351,-1.7
352,-2.5
353,-1.6
354,-2.0
355,-1.9
356,-2.0
357,-2.4
358,-3.2
359,-2.9
360,-2.0
361,-1.9
362,-1.8
363,-1.6
364,-1.5
365,-1.5
366,-1.7
367,-1.5
368,-1.2
369,-1.0
370,-0.5
371,-0.2
372,0.0
373,-0.4
374,-0.4
375,-0.5
376,-0.6
377,-0.7
378,-0.7
379,-0.8
380,-0.8
381,-0.9
382,-1.0
383,-1.0
384,-1.2
385,-1.5
386,-1.3
387,-1.3
388,-1.5
389,-1.4
390,-1.2
391,-1.1
392,-1.2
393,-1.3
394,-0.9
395,-1.1
396,-1.2
397,-1.2
398,-1.6
399,-2.4
400,-2.9
401,-4.2
402,-5.3
403,-7.5
404,-8.2
405,-5.8
406,-6.7
407,-8.9
408,-10.9
409,-10.9
410,-9.7
411,-10.3
412,-11.4
413,-11.9
414,-10.9
415,-10.4
416,-8.3
417,-6.2
418,-4.8
419,-4.0
420,-4.1
421,-4.2
422,-4.4
423,-5.0
424,-5.4
425,-5.5
426,-5.5
427,-6.0
428,-6.3
429,-6.5
430,-6.7
431,-6.7
432,-6.6
433,-6.3
434,-6.5
435,-6.8
436,-7.1
437,-7.4
438,-7.4
439,-7.4
440,-7.2
441,-6.7
442,-5.8
443,-5.1
444,-5.0
445,-4.6
446,-4.8
447,-5.0
448,-5.0
449,-4.8
450,-4.4
451,-4.1
452,-4.0
453,-4.3
454,-4.4
455,-4.5
456,-4.3
457,-3.9
458,-3.6
459,-3.5
460,-3.4
461,-3.1
462,-2.9
463,-2.6
464,-2.3
465,-1.9
466,-1.5
467,-1.1
468,-0.5
469,-0.2
470,-0.1
471,-0.1
472,-0.1
473,-0.1
474,0.0
475,0.1
476,0.2
477,0.3
478,0.4
479,0.5
480,0.6
481,0.6
482,0.7
483,0.7
484,0.7
485,0.7
486,0.8
487,0.8
488,1.0
489,1.1
490,1.3
491,1.3
492,1.4
493,1.2
494,1.0
495,0.9
496,0.8
497,0.8
498,0.7
499,0.7
500,0.6
501,0.5
502,0.3
503,0.3
504,0.3
505,0.3
506,0.2
507,0.2
508,0.1
509,0.0
510,-0.1
511,-0.2
512,-0.1
513,0.0
514,0.1
515,0.2
516,0.2
517,0.2
518,0.1
519,0.1
520,0.1
521,0.1
522,0.1
523,0.1
524,-0.1
525,-0.5
526,-0.8
527,-1.1
528,-1.4
529,-1.5
530,-1.8
531,-2.0
532,-2.1
533,-2.2
534,-2.6
535,-2.3
536,-1.0
537,0.0
538,1.4
539,2.7
540,3.1
541,2.5
542,1.6
543,-0.2
544,-1.2
545,-2.0
546,-2.6
547,-3.6
548,-3.9
549,-4.8
550,-4.4
551,-4.6
552,-4.3
553,-3.5
554,-3.3
555,-3.4
556,-3.4
557,-3.4
558,-3.6
559,-3.6
560,-3.5
561,-3.3
562,-3.0
563,-2.8
564,-2.4
565,-2.2
566,-2.1
567,-2.0
568,-1.8
569,-1.6
570,-1.4
571,-1.2
572,-0.9
573,-0.7
574,-0.5
575,-0.3
576,-0.3
577,-0.2
578,-0.2
579,-0.2
580,-0.2
581,-0.2
582,-0.1
583,0.1
584,0.5
585,1.0
586,1.4
587,1.6
588,1.5
589,1.4
590,1.0
591,0.6
592,0.4
593,0.4
594,0.3
595,0.2
596,-0.8
597,-0.8
598,-2.0
599,-3.2
600,-4.1
601,-4.8
602,-5.5
603,-6.2
604,-6.7
605,-7.0
606,-7.3
607,-6.5
608,-5.0
609,-3.4
610,-1.6
611,-0.2
612,0.9
613,0.7
614,0.1
615,-1.6
616,-3.3
617,-4.1
618,-4.6
619,-5.7
620,-5.6
621,-6.1
622,-6.9
623,-7.3
624,-6.8
625,-7.8
626,-8.4
627,-8.8
628,-8.9
629,-8.7
630,-8.9
631,-7.0
632,-4.7
633,-1.1
634,0.7
635,1.2
636,2.0
637,1.0
638,0.3
639,-1.0
640,-1.8
641,-3.0
642,-4.9
643,-5.4
644,-5.7
645,-4.8
646,-5.1
647,-5.3
648,-5.7
649,-6.0
650,-6.2
651,-6.3
652,-6.5
653,-6.7
654,-6.9
655,-6.2
656,-4.3
657,-2.2
658,-0.4
659,1.1
660,2.1
661,2.0
662,1.4
663,0.1
664,-0.9
665,-1.5
666,-2.0
667,-2.3
668,-2.0
669,-1.8
670,-2.1
671,-2.2
672,-2.0
673,-1.7
674,-1.6
675,-1.6
676,-1.8
677,-1.9
678,-2.2
679,-2.4
680,-2.1
681,-1.2
682,-0.4
683,-0.2
684,0.2
685,-0.1
686,-0.4
687,-1.2
688,-2.2
689,-3.0
690,-3.5
691,-3.6
692,-4.0
693,-4.5
694,-4.8
695,-5.2
696,-5.5
697,-5.8
698,-6.0
699,-5.8
700,-5.6
701,-5.5
702,-5.3
703,-5.0
704,-4.5
705,-3.1
706,-1.4
707,0.2
708,1.3
709,1.3
710,1.0
711,-0.4
712,-1.2
713,-1.7
714,-2.3
715,-2.8
716,-3.2
717,-3.4
718,-3.6
719,-4.0
720,-4.3
721,-4.7
722,-5.0
723,-5.2
724,-5.6
725,-5.9
726,-6.3
727,-5.4
728,-3.9
729,-2.7
730,-1.4
731,-0.5
732,0.0
733,0.1
734,0.0
735,-1.0
736,-1.7
737,-2.2
738,-2.8
739,-3.1
740,-3.6
741,-4.1
742,-4.7
743,-5.2
744,-5.7
745,-6.2
746,-6.6
747,-6.4
748,-6.1
749,-4.9
750,-3.8
751,-3.2
752,-2.6
753,-2.0
754,-1.3
755,-0.7
756,-0.2
757,-0.3
758,-0.3
759,-0.2
760,-0.8
761,-1.7
762,-2.4
763,-2.7
764,-3.1
765,-3.7
766,-4.1
767,-4.2
768,-3.1
769,-2.2
770,-1.7
771,-1.2
772,-0.8
773,-0.7
774,-0.5
775,0.0
776,0.1
777,0.4
778,0.8
779,1.0
780,0.8
781,-0.1
782,-0.6
783,-0.8
784,-1.0
785,-1.2
786,-1.3
787,-1.4
788,-1.5
789,-1.5
790,-1.5
791,-1.6
792,-1.5
793,-1.4
794,-1.3
795,-1.2
796,-1.1
797,-1.0
798,-1.1
799,-0.5
800,-0.1
801,0.2
802,0.6
803,0.7
804,0.7
805,0.7
806,0.9
807,0.5
808,0.4
809,-0.2
810,-0.2
811,-0.2
812,-0.3
813,-0.4
814,-0.9
815,-1.2
816,-1.6
817,-1.9
818,-2.3
819,-2.6
820,-3.2
821,-3.4
822,-3.3
823,-3.4
824,-3.3
825,-3.1
826,-2.9
827,-2.8
828,-2.9
829,-3.0
830,-3.1
831,-3.3
832,-3.5
833,-3.6
834,-3.5
835,-3.3
836,-3.2
837,-3.3
838,-3.4
839,-3.5
840,-3.7
841,-3.8
842,-3.8
843,-3.8
844,-3.9
845,-4.0
846,-4.0
847,-3.7
848,-3.4
849,-3.2
850,-3.7
851,-4.0
852,-3.9
853,-3.8
854,-3.8
855,-3.8
856,-3.8
857,-4.0
858,-3.8
859,-3.6
860,-3.5
861,-3.4
862,-3.4
863,-3.4
864,-3.4
865,-3.4
866,-3.3
867,-3.2
868,-3.1
869,-3.0
870,-2.9
871,-2.6
872,-2.4
873,-2.3
874,-2.1
875,-1.9
876,-1.9
877,-2.1
878,-2.2
879,-2.4
880,-2.6
881,-2.7
882,-3.0
883,-3.1
884,-3.2
885,-3.5
886,-3.8
887,-4.0
888,-4.3
889,-4.5
890,-4.6
891,-4.9
892,-5.2
893,-5.4
894,-5.8
895,-5.9
896,-6.0
897,-6.1
898,-6.1
899,-6.1
900,-6.2
901,-6.9
902,-7.5
903,-8.0
904,-8.3
905,-8.4
906,-8.4
907,-8.3
908,-8.2
909,-8.2
910,-8.3
911,-8.4
912,-8.4
913,-8.6
914,-8.9
915,-9.3
916,-9.4
917,-9.6
918,-9.6
919,-9.4
920,-8.9
921,-8.7
922,-8.4
923,-8.4
924,-8.3
925,-8.3
926,-8.4
927,-8.7
928,-9.0
929,-9.1
930,-9.3
931,-9.4
932,-9.3
933,-9.2
934,-9.1
935,-9.0
936,-8.9
937,-8.8
938,-8.8
939,-8.7
940,-8.5
941,-8.4
942,-8.2
943,-7.9
944,-7.6
945,-7.3
946,-6.9
947,-6.8
948,-6.7
949,-6.6
950,-6.4
951,-6.3
952,-6.3
953,-6.3
954,-6.2
955,-5.9
956,-5.6
957,-5.1
958,-5.3
959,-5.9
960,-6.5
961,-7.0
962,-7.4
963,-7.8
964,-8.0
965,-8.0
966,-8.2
967,-7.1
968,-5.9
969,-4.3
970,-2.7
971,-1.6
972,-1.0
973,-1.2
974,-1.8
975,-2.7
976,-3.6
977,-4.7
978,-5.8
979,-6.9
980,-7.7
981,-8.3
982,-8.8
983,-9.2
984,-9.6
985,-9.8
986,-9.6
987,-9.8
988,-10.2
989,-10.5
990,-10.2
991,-9.2
992,-6.9
993,-5.9
994,-5.4
995,-4.5
996,-4.6
997,-4.5
998,-4.6
999,-5.4
1000,-6.0
1001,-6.4
1002,-6.5
1003,-6.8
1004,-6.8
1005,-6.6
1006,-6.7
1007,-6.8
1008,-7.2
1009,-7.6
1010,-7.8
1011,-7.8
1012,-7.8
1013,-7.7
1014,-7.6
1015,-7.2
1016,-6.5
1017,-5.8
1018,-5.3
1019,-5.1
1020,-5.0
1021,-5.0
1022,-5.1
1023,-5.4
1024,-5.3
1025,-5.3
1026,-5.5
1027,-5.8
1028,-6.1
1029,-6.3
1030,-6.5
1031,-6.7
1032,-6.9
1033,-7.0
1034,-7.2
1035,-7.4
1036,-7.6
1037,-7.9
1038,-7.8
1039,-7.5
1040,-7.4
1041,-7.1
1042,-6.5
1043,-5.1
1044,-3.8
1045,-4.1
1046,-4.9
1047,-6.0
1048,-7.7
1049,-8.8
1050,-8.9
1051,-9.4
1052,-10.0
1053,-10.1
1054,-8.5
1055,-7.9
1056,-7.8
1057,-7.6
1058,-7.6
1059,-7.8
1060,-7.8
1061,-7.7
1062,-7.5
1063,-7.0
1064,-6.1
1065,-4.7
1066,-2.8
1067,-1.6
1068,-0.7
1069,-1.1
1070,-1.9
1071,-2.5
1072,-3.4
1073,-3.5
1074,-3.8
1075,-4.3
1076,-5.1
1077,-5.9
1078,-5.4
1079,-5.4
1080,-5.5
1081,-5.7
1082,-5.9
1083,-6.5
1084,-6.9
1085,-7.2
1086,-7.1
1087,-4.7
1088,-2.2
1089,-0.2
1090,1.6
1091,2.6
1092,3.8
1093,3.4
1094,3.0
1095,1.9
1096,0.0
1097,-1.2
1098,-1.7
1099,-2.2
1100,-2.7
1101,-3.1
1102,-3.6
1103,-4.1
1104,-4.5
1105,-4.9
1106,-5.1
1107,-5.4
1108,-5.4
1109,-5.5
1110,-5.3
1111,-2.9
1112,0.9
1113,4.6
1114,8.1
1115,9.1
1116,9.1
1117,8.1
1118,7.3
1119,5.5
1120,2.6
1121,0.1
1122,-1.2
1123,1.3
1124,1.7
1125,0.8
1126,0.0
1127,-0.4
1128,-0.6
1129,-1.4
1130,-1.4
1131,-0.3
1132,0.0
1133,0.6
1134,1.2
1135,1.4
1136,1.9
1137,2.3
1138,2.5
1139,2.5
1140,2.5
1141,2.5
1142,2.3
1143,2.4
1144,2.2
1145,2.2
1146,1.9
1147,1.5
1148,1.8
1149,2.0
1150,2.1
1151,2.1
1152,2.1
1153,1.8
1154,1.6
1155,1.5
1156,1.4
1157,1.4
1158,1.3
1159,1.5
1160,1.6
1161,2.0
1162,2.2
1163,2.4
1164,2.4
1165,2.2
1166,2.1
1167,1.9
1168,1.8
1169,1.8
1170,1.8
1171,1.9
1172,1.9
1173,1.8
1174,1.8
1175,1.8
1176,1.7
1177,1.7
1178,1.6
1179,1.5
1180,1.4
1181,1.3
1182,1.3
1183,1.4
1184,1.4
1185,1.6
1186,2.2
1187,2.9
1188,3.3
1189,3.4
1190,3.5
1191,3.1
1192,2.5
1193,2.2
1194,1.8
1195,1.0
1196,0.0
1197,-0.4
1198,-0.4
1199,0.3
1200,0.6
1201,0.5
1202,1.0
1203,1.6
1204,1.9
1205,2.2
1206,2.5
1207,2.8
1208,2.9
1209,3.4
1210,3.7
1211,4.1
1212,4.2
1213,4.7
1214,4.9
1215,5.1
1216,5.1
1217,5.4
1218,5.3
1219,4.5
1220,4.2
1221,4.2
1222,4.4
1223,4.6
1224,5.1
1225,5.6
1226,5.9
1227,6.4
1228,6.7
1229,6.7
1230,6.5
1231,6.6
1232,6.5
1233,6.6
1234,6.5
1235,6.9
1236,7.3
1237,7.2
1238,6.9
1239,6.1
1240,5.3
1241,4.6
1242,3.4
1243,3.3
1244,3.6
1245,4.4
1246,3.9
1247,3.4
1248,2.5
1249,2.7
1250,2.5
1251,2.1
1252,1.4
1253,1.6
1254,1.9
1255,2.6
1256,3.3
1257,4.1
1258,4.5
1259,4.6
1260,5.7
1261,6.7
1262,7.4
1263,8.0
1264,8.1
1265,7.6
1266,6.9
1267,6.4
1268,6.1
1269,5.5
1270,3.8
1271,2.9
1272,2.4
1273,2.4
1274,2.9
1275,2.7
1276,2.7
1277,3.1
1278,3.9
1279,4.6
1280,5.3
1281,6.0
1282,6.5
1283,6.9
1284,7.6
1285,8.1
1286,7.9
1287,7.4
1288,6.1
1289,4.6
1290,4.2
1291,4.6
1292,4.9
1293,5.2
1294,7.0
1295,8.6
1296,8.1
1297,5.8
1298,6.1
1299,6.3
1300,6.9
1301,6.9
1302,6.2
1303,6.0
1304,6.8
1305,5.6
1306,5.3
1307,5.8
1308,4.3
1309,2.9
1310,2.2
1311,0.1
1312,-1.3
1313,-1.1
1314,-0.9
1315,-0.5
1316,-1.1
1317,-1.7
1318,-1.9
1319,-2.1
1320,-2.4
1321,-2.2
1322,-1.8
1323,-1.1
1324,-0.7
1325,-0.7
1326,-0.5
1327,-0.2
1328,0.1
1329,1.1
1330,1.8
1331,3.0
1332,3.2
1333,2.6
1334,1.9
1335,1.3
1336,0.4
1337,-0.4
1338,-0.5
1339,-0.4
1340,-0.3
1341,-0.4
1342,-0.2
1343,0.4
1344,1.2
1345,1.6
1346,1.2
1347,0.9
1348,0.7
1349,1.1
1350,1.4
1351,2.4
1352,4.3
1353,6.0
1354,7.7
1355,7.0
1356,5.7
1357,4.7
1358,5.1
1359,5.5
1360,5.5
1361,5.6
1362,6.0
1363,6.3
1364,6.2
1365,6.0
1366,6.1
1367,6.4
1368,6.3
1369,6.3
1370,6.4
1371,6.5
1372,6.6
1373,6.4
1374,6.1
1375,6.7
1376,8.2
1377,9.2
1378,10.0
1379,11.4
1380,13.3
1381,13.4
1382,12.9
1383,12.3
1384,10.5
1385,9.0
1386,8.1
1387,7.3
1388,6.4
1389,6.2
1390,6.1
1391,6.1
1392,5.9
1393,5.1
1394,4.5
1395,4.2
1396,4.2
1397,4.4
1398,5.6
1399,7.3
1400,8.4
1401,10.5
1402,11.9
1403,12.8
1404,12.9
1405,12.4
1406,11.7
1407,10.9
1408,9.1
1409,7.8
1410,7.4
1411,6.5
1412,6.4
1413,6.1
1414,6.1
1415,6.4
1416,6.4
1417,5.9
1418,5.3
1419,5.2
1420,5.0
1421,5.2
1422,5.5
1423,5.8
1424,6.8
1425,8.5
1426,8.5
1427,9.4
1428,8.6
1429,8.0
1430,7.1
1431,6.9
1432,5.8
1433,4.8
1434,3.8
1435,4.0
1436,4.8
1437,5.1
1438,4.6
1439,3.8
1440,3.6
1441,3.5
1442,3.2
1443,3.0
1444,2.0
1445,1.0
1446,2.0
1447,4.2
1448,6.2
1449,7.9
1450,8.3
1451,7.7
1452,9.6
1453,10.2
1454,4.5
1455,5.1
1456,5.4
1457,4.6
1458,3.9
1459,3.9
1460,4.2
1461,4.3
1462,4.5
1463,4.3
1464,4.1
1465,3.6
1466,2.9
1467,2.9
1468,3.4
1469,3.6
1470,3.0
1471,4.2
1472,4.1
1473,4.8
1474,5.6
1475,5.7
1476,6.9
1477,7.4
1478,6.9
1479,6.3
1480,4.4
1481,2.1
1482,1.5
1483,1.0
1484,0.4
1485,0.6
1486,0.9
1487,0.9
1488,0.8
1489,1.6
1490,1.8
1491,1.7
1492,1.1
1493,1.0
1494,1.8
1495,4.2
1496,6.4
1497,8.0
1498,9.3
1499,11.2
1500,13.4
1501,13.6
1502,13.6
1503,13.2
1504,11.5
1505,9.7
1506,8.5
1507,7.5
1508,7.4
1509,7.7
1510,8.5
1511,9.0
1512,9.0
1513,8.6
1514,8.1
1515,7.4
1516,7.3
1517,6.9
1518,7.7
1519,11.8
1520,15.1
1521,15.3
1522,16.6
1523,15.0
1524,15.2
1525,14.3
1526,13.5
1527,12.0
1528,9.8
1529,8.1
1530,6.7
1531,6.1
1532,5.8
1533,5.9
1534,6.2
1535,6.6
1536,7.0
1537,7.3
1538,7.2
1539,7.0
1540,6.6
1541,5.9
1542,5.7
1543,5.8
1544,5.8
1545,6.0
1546,6.9
1547,7.7
1548,7.5
1549,7.4
1550,6.7
1551,6.5
1552,6.0
1553,5.3
1554,5.4
1555,5.6
1556,5.4
1557,4.9
1558,4.5
1559,4.7
1560,4.7
1561,4.5
1562,4.3
1563,3.9
1564,3.6
1565,3.3
1566,3.3
1567,3.5
1568,3.8
1569,4.4
1570,5.1
1571,5.5
1572,5.9
1573,6.6
1574,7.0
1575,6.6
1576,6.2
1577,5.6
1578,5.2
1579,5.0
1580,4.6
1581,4.3
1582,3.6
1583,3.1
1584,2.6
1585,2.5
1586,2.3
1587,1.7
1588,0.4
1589,0.5
1590,1.4
1591,2.4
1592,3.0
1593,3.2
1594,3.8
1595,3.9
1596,4.2
1597,4.3
1598,4.5
1599,4.4
1600,3.5
1601,2.1
1602,1.0
1603,-0.9
1604,-1.2
1605,-1.5
1606,-0.6
1607,-0.7
1608,-1.1
1609,-1.4
1610,-1.5
1611,-0.5
1612,0.4
1613,0.9
1614,1.5
1615,2.6
1616,3.5
1617,4.8
1618,6.3
1619,6.0
1620,5.3
1621,4.7
1622,4.6
1623,4.2
1624,3.7
1625,3.5
1626,3.5
1627,3.4
1628,3.3
1629,3.1
1630,2.9
1631,2.9
1632,3.0
1633,2.9
1634,2.9
1635,2.9
1636,3.0
1637,2.9
1638,3.1
1639,3.7
1640,4.1
1641,5.1
1642,6.2
1643,6.5
1644,6.5
1645,6.3
1646,6.6
1647,6.2
1648,5.6
1649,5.2
1650,5.1
1651,5.0
1652,4.8
1653,4.8
1654,4.7
1655,4.6
1656,4.0
1657,2.1
1658,1.0
1659,0.3
1660,0.1
1661,1.2
1662,1.5
1663,2.1
1664,3.2
1665,4.0
1666,4.8
1667,5.4
1668,5.3
1669,5.0
1670,4.9
1671,4.4
1672,4.0
1673,3.7
1674,3.7
1675,3.7
1676,3.6
1677,3.4
1678,3.2
1679,3.3
1680,3.2
1681,3.2
1682,3.1
1683,3.1
1684,3.0
1685,2.9
1686,3.0
1687,3.3
1688,4.0
1689,4.6
1690,5.5
1691,6.2
1692,6.4
1693,5.8
1694,5.7
1695,5.6
1696,5.1
1697,4.8
1698,4.5
1699,4.3
1700,4.1
1701,3.9
1702,3.7
1703,3.5
1704,3.2
1705,2.9
1706,2.7
1707,2.6
1708,2.6
1709,2.5
1710,2.7
1711,3.5
1712,4.1
1713,4.5
1714,5.1
1715,5.6
1716,6.0
1717,5.9
1718,5.9
1719,5.8
1720,5.6
1721,5.3
1722,4.9
1723,4.6
1724,4.2
1725,4.1
1726,3.6
1727,3.2
1728,3.0
1729,2.9
1730,3.1
1731,2.7
1732,2.0
1733,1.5
1734,3.2
1735,5.3
1736,6.7
1737,8.0
1738,8.8
1739,9.7
1740,8.7
1741,9.0
1742,8.2
1743,7.1
1744,5.8
1745,3.1
1746,1.5
1747,0.6
1748,-0.5
1749,-0.5
1750,1.0
1751,1.6
1752,1.9
1753,3.9
1754,4.8
1755,4.9
1756,5.8
1757,5.4
1758,5.5
1759,6.4
1760,7.6
1761,9.1
1762,10.9
1763,11.2
1764,11.3
1765,10.4
1766,10.0
1767,9.0
1768,7.9
1769,6.6
1770,5.2
1771,4.9
1772,3.9
1773,3.7
1774,3.8
1775,2.6
1776,2.9
1777,3.2
1778,2.6
1779,2.7
1780,3.0
1781,3.5
1782,3.8
1783,4.8
1784,5.2
1785,7.3
1786,9.0
1787,8.5
1788,10.3
1789,9.6
1790,9.2
1791,8.5
1792,7.5
1793,5.4
1794,4.1
1795,3.4
1796,2.6
1797,1.4
1798,0.2
1799,-1.0
1800,-1.3
1801,-1.8
1802,-2.0
1803,-1.4
1804,-0.8
1805,0.2
1806,2.5
1807,5.1
1808,6.8
1809,8.7
1810,9.9
1811,10.8
1812,11.4
1813,11.0
1814,10.8
1815,10.6
1816,8.7
1817,7.6
1818,7.2
1819,6.8
1820,5.8
1821,5.4
1822,3.6
1823,3.2
1824,2.4
1825,1.6
1826,1.6
1827,1.8
1828,1.8
1829,1.8
1830,3.0
1831,5.4
1832,5.8
1833,5.8
1834,5.3
1835,4.7
1836,4.4
1837,4.4
1838,4.5
1839,4.4
1840,4.7
1841,5.5
1842,5.8
1843,5.0
1844,3.8
1845,3.0
1846,3.0
1847,2.9
1848,2.8
1849,2.6
1850,2.5
1851,2.2
1852,2.0
1853,2.0
1854,2.3
1855,2.8
1856,3.2
1857,4.0
1858,4.2
1859,4.6
1860,4.9
1861,5.3
1862,5.2
1863,5.0
1864,4.4
1865,4.1
1866,3.4
1867,2.7
1868,2.8
1869,2.4
1870,2.0
1871,1.9
1872,1.9
1873,1.2
1874,0.5
1875,0.3
1876,0.4
1877,0.7
1878,1.1
1879,1.7
1880,2.7
1881,4.1
1882,6.0
1883,7.0
1884,8.1
1885,9.1
1886,10.2
1887,10.1
1888,8.9
1889,8.4
1890,8.2
1891,8.2
1892,8.5
1893,8.8
1894,9.1
1895,9.5
1896,9.6
1897,9.7
1898,9.4
1899,9.6
1900,9.5
1901,9.7
1902,10.4
1903,9.4
1904,9.6
1905,11.3
1906,12.1
1907,13.2
1908,13.1
1909,12.9
1910,13.1
1911,13.1
1912,12.2
1913,10.6
1914,9.7
1915,9.6
1916,9.5
1917,9.8
1918,9.3
1919,9.1
1920,8.8
1921,8.3
1922,8.0
1923,7.8
1924,7.6
1925,5.8
1926,4.5
1927,4.7
1928,5.4
1929,6.6
1930,7.0
1931,7.5
1932,7.7
1933,7.9
1934,8.0
1935,7.7
1936,7.3
1937,6.6
1938,5.0
1939,2.8
1940,1.3
1941,2.0
1942,2.9
1943,3.1
1944,4.2
1945,4.1
1946,3.0
1947,2.4
1948,2.2
1949,4.0
1950,5.8
1951,7.3
1952,8.9
1953,9.0
1954,8.9
1955,9.7
1956,10.4
1957,9.8
1958,9.2
1959,8.1
1960,5.8
1961,5.4
1962,5.7
1963,5.8
1964,5.9
1965,5.5
1966,5.0
1967,4.9
1968,4.7
1969,4.5
1970,4.4
1971,4.3
1972,4.1
1973,4.1
1974,4.5
1975,5.5
1976,8.0
1977,9.3
1978,10.6
1979,11.6
1980,11.8
1981,11.6
1982,11.0
1983,10.8
1984,10.0
1985,8.4
1986,6.5
1987,4.0
1988,1.9
1989,0.2
1990,-0.6
1991,-1.1
1992,-1.4
1993,-1.7
1994,-1.6
1995,-1.5
1996,-0.4
1997,0.8
1998,2.1
1999,5.1
2000,8.1
2001,10.5
2002,9.6
2003,9.7
2004,9.6
2005,9.1
2006,8.4
2007,7.0
2008,5.6
2009,5.0
2010,4.2
2011,4.1
2012,4.1
2013,3.0
2014,2.2
2015,2.1
2016,1.8
2017,1.9
2018,1.8
2019,1.5
2020,1.5
2021,1.8
2022,3.2
2023,3.4
2024,4.1
2025,6.3
2026,8.4
2027,9.5
2028,10.1
2029,9.9
2030,8.3
2031,7.8
2032,6.9
2033,5.1
2034,3.5
2035,3.2
2036,2.6
2037,4.3
2038,4.8
2039,5.0
2040,5.1
2041,5.1
2042,4.6
2043,3.9
2044,3.9
2045,5.5
2046,7.6
2047,9.6
2048,11.9
2049,13.6
2050,15.1
2051,16.1
2052,17.1
2053,16.7
2054,15.8
2055,15.0
2056,13.6
2057,12.2
2058,11.3
2059,10.4
2060,9.7
2061,9.0
2062,8.6
2063,8.2
2064,7.6
2065,7.3
2066,7.3
2067,6.5
2068,5.7
2069,7.5
2070,10.2
2071,11.8
2072,12.6
2073,13.1
2074,13.6
2075,15.0
2076,16.6
2077,16.5
2078,15.7
2079,15.3
2080,14.4
2081,11.2
2082,8.7
2083,7.4
2084,6.5
2085,5.7
2086,5.0
2087,4.4
2088,4.0
2089,5.7
2090,7.9
2091,7.8
2092,7.8
2093,9.8
2094,12.3
2095,13.5
2096,15.1
2097,16.8
2098,18.1
2099,18.1
2100,14.6
2101,11.9
2102,12.0
2103,10.2
2104,10.3
2105,10.2
2106,9.3
2107,9.1
2108,8.9
2109,8.6
2110,8.5
2111,8.2
2112,7.2
2113,6.6
2114,6.2
2115,5.9
2116,5.8
2117,5.9
2118,6.5
2119,7.1
2120,8.2
2121,8.7
2122,9.3
2123,9.3
2124,9.5
2125,9.6
2126,9.7
2127,9.2
2128,9.0
2129,8.5
2130,7.9
2131,7.9
2132,8.0
2133,8.1
2134,8.1
2135,8.1
2136,8.2
2137,8.1
2138,9.3
2139,10.8
2140,11.1
2141,11.4
2142,12.7
2143,14.9
2144,16.8
2145,18.5
2146,19.9
2147,20.8
2148,20.9
2149,21.4
2150,20.2
2151,19.1
2152,18.0
2153,15.3
2154,13.3
2155,12.6
2156,12.7
2157,12.7
2158,12.5
2159,11.6
2160,10.2
2161,9.2
2162,8.5
2163,8.8
2164,9.3
2165,10.6
2166,13.6
2167,17.0
2168,19.1
2169,20.1
2170,21.1
2171,22.1
2172,22.5
2173,22.4
2174,21.8
2175,21.4
2176,20.3
2177,16.5
2178,14.7
2179,14.3
2180,12.9
2181,11.8
2182,11.7
2183,10.9
2184,10.3
2185,9.6
2186,9.0
2187,8.2
2188,7.9
2189,9.9
2190,13.3
2191,17.5
2192,21.0
2193,22.0
2194,23.2
2195,24.2
2196,24.5
2197,24.1
2198,22.7
2199,21.7
2200,20.2
2201,18.3
2202,15.9
2203,15.6
2204,14.2
2205,12.8
2206,11.5
2207,10.1
2208,9.2
2209,8.5
2210,7.4
2211,6.6
2212,6.9
2213,8.5
2214,11.2
2215,12.9
2216,15.5
2217,16.2
2218,16.9
2219,16.3
2220,17.1
2221,16.7
2222,16.2
2223,15.5
2224,14.5
2225,13.3
2226,12.1
2227,10.5
2228,11.1
2229,10.8
2230,10.3
2231,10.3
2232,10.2
2233,9.3
2234,8.8
2235,8.3
2236,8.5
2237,9.9
2238,11.4
2239,13.5
2240,15.9
2241,17.2
2242,18.4
2243,19.2
2244,19.6
2245,19.4
2246,18.9
2247,18.6
2248,17.7
2249,16.4
2250,15.2
2251,14.3
2252,13.2
2253,11.1
2254,9.1
2255,8.5
2256,7.6
2257,6.4
2258,5.8
2259,4.9
2260,4.9
2261,9.0
2262,12.4
2263,15.6
2264,18.5
2265,19.3
2266,20.6
2267,21.3
2268,21.4
2269,20.6
2270,19.3
2271,18.3
2272,17.0
2273,15.6
2274,11.7
2275,10.3
2276,9.5
2277,8.9
2278,8.2
2279,7.2
2280,6.1
2281,5.9
2282,6.1
2283,6.0
2284,6.1
2285,6.3
2286,6.3
2287,7.3
2288,9.1
2289,9.2
2290,7.7
2291,6.6
2292,7.8
2293,6.4
2294,5.9
2295,6.9
2296,7.2
2297,6.3
2298,5.5
2299,4.5
2300,3.6
2301,2.5
2302,1.6
2303,1.8
2304,1.5
2305,1.6
2306,1.4
2307,2.5
2308,3.3
2309,4.4
2310,5.1
2311,5.3
2312,5.9
2313,6.3
2314,6.2
2315,6.6
2316,7.8
2317,8.2
2318,8.7
2319,8.5
2320,7.8
2321,7.3
2322,6.9
2323,6.5
2324,6.3
2325,6.6
2326,6.4
2327,5.1
2328,5.5
2329,6.4
2330,6.4
2331,6.4
2332,6.5
2333,6.7
2334,7.7
2335,10.0
2336,11.5
2337,12.3
2338,12.8
2339,13.5
2340,13.7
2341,13.5
2342,13.0
2343,13.0
2344,12.8
2345,11.4
2346,8.4
2347,7.4
2348,7.6
2349,6.5
2350,6.2
2351,5.8
2352,5.0
2353,3.7
2354,2.8
2355,2.6
2356,2.4
2357,5.4
2358,6.5
2359,8.7
2360,10.3
2361,10.3
2362,10.7
2363,11.6
2364,11.4
2365,11.3
2366,11.8
2367,11.8
2368,11.6
2369,10.8
2370,9.9
2371,8.4
2372,7.0
2373,5.4
2374,4.3
2375,3.5
2376,3.2
2377,3.2
2378,3.4
2379,3.5
2380,4.5
2381,7.6
2382,11.3
2383,14.3
2384,16.6
2385,18.4
2386,19.6
2387,20.1
2388,21.2
2389,21.0
2390,20.6
2391,20.3
2392,19.7
2393,17.9
2394,15.9
2395,14.5
2396,14.4
2397,12.2
2398,11.1
2399,8.7
2400,7.9
2401,7.1
2402,6.3
2403,6.4
2404,6.2
2405,8.1
2406,8.9
2407,10.4
2408,9.3
2409,9.4
2410,7.5
2411,8.7
2412,10.1
2413,8.4
2414,7.6
2415,7.0
2416,6.9
2417,6.2
2418,5.6
2419,4.3
2420,3.2
2421,2.4
2422,2.1
2423,1.7
2424,1.9
2425,2.2
2426,2.3
2427,2.7
2428,3.4
2429,5.2
2430,6.2
2431,6.1
2432,6.3
2433,6.8
2434,6.7
2435,7.2
2436,7.3
2437,7.2
2438,7.3
2439,7.6
2440,7.7
2441,7.5
2442,7.5
2443,7.7
2444,7.7
2445,7.5
2446,7.4
2447,7.4
2448,7.2
2449,7.0
2450,6.8
2451,6.6
2452,6.7
2453,7.0
2454,7.5
2455,8.4
2456,8.6
2457,10.2
2458,9.6
2459,9.2
2460,10.7
2461,11.1
2462,10.4
2463,9.3
2464,6.9
2465,5.8
2466,5.5
2467,5.4
2468,5.1
2469,4.3
2470,4.2
2471,4.2
2472,4.6
2473,4.6
2474,4.7
2475,5.2
2476,5.6
2477,6.2
2478,6.9
2479,7.5
2480,7.1
2481,8.2
2482,8.0
2483,9.3
2484,9.2
2485,9.3
2486,7.7
2487,6.8
2488,6.5
2489,6.3
2490,5.5
2491,5.2
2492,5.7
2493,6.0
2494,6.3
2495,6.4
2496,5.9
2497,5.6
2498,5.6
2499,5.2
2500,5.7
2501,6.4
2502,6.8
2503,8.5
2504,10.1
2505,11.1
2506,11.8
2507,12.1
2508,11.6
2509,11.1
2510,10.6
2511,9.8
2512,9.1
2513,8.5
2514,8.4
2515,8.6
2516,7.9
2517,7.0
2518,6.2
2519,5.2
2520,5.3
2521,5.2
2522,4.7
2523,3.9
2524,4.4
2525,4.8
2526,4.9
2527,4.7
2528,4.8
2529,5.6
2530,4.5
2531,3.2
2532,3.7
2533,4.4
2534,5.4
2535,5.9
2536,5.3
2537,4.0
2538,2.6
2539,1.8
2540,1.8
2541,0.6
2542,-0.8
2543,-2.3
2544,-2.9
2545,-3.2
2546,-3.8
2547,-3.6
2548,-2.0
2549,-0.2
2550,1.5
2551,3.0
2552,4.5
2553,5.5
2554,6.3
2555,7.7
2556,7.6
2557,7.6
2558,7.5
2559,7.1
2560,6.8
2561,6.2
2562,5.4
2563,5.0
2564,4.4
2565,4.1
2566,3.8
2567,3.1
2568,2.7
2569,1.4
2570,0.8
2571,0.3
2572,0.2
2573,0.3
2574,0.7
2575,1.5
2576,2.8
2577,4.1
2578,4.5
2579,5.1
2580,5.0
2581,5.0
2582,4.7
2583,4.7
2584,5.1
2585,5.2
2586,5.0
2587,4.7
2588,4.0
2589,3.1
2590,2.7
2591,2.2
2592,1.9
2593,1.7
2594,1.4
2595,0.8
2596,0.8
2597,1.0
2598,2.0
2599,3.8
2600,6.3
2601,7.5
2602,7.0
2603,6.8
2604,7.1
2605,7.0
2606,6.8
2607,5.9
2608,5.3
2609,5.1
2610,4.6
2611,4.2
2612,3.5
2613,3.0
2614,2.8
2615,2.7
2616,2.4
2617,2.2
2618,1.9
2619,1.7
2620,1.7
2621,2.0
2622,2.6
2623,2.8
2624,3.4
2625,3.8
2626,5.1
2627,6.4
2628,6.8
2629,6.9
2630,6.3
2631,6.2
2632,6.1
2633,5.2
2634,2.6
2635,1.6
2636,0.8
2637,-0.4
2638,-1.3
2639,-1.9
2640,-2.0
2641,-2.0
2642,-1.6
2643,-1.4
2644,0.3
2645,3.6
2646,4.4
2647,5.1
2648,7.0
2649,9.4
2650,10.4
2651,10.5
2652,9.7
2653,9.8
2654,10.0
2655,9.8
2656,9.8
2657,9.6
2658,8.9
2659,8.8
2660,9.4
2661,9.7
2662,9.4
2663,9.4
2664,8.9
2665,8.1
2666,7.8
2667,6.7
2668,5.6
2669,6.4
2670,7.7
2671,7.8
2672,8.4
2673,10.0
2674,9.0
2675,8.1
2676,8.0
2677,7.9
2678,7.5
2679,7.4
2680,6.8
2681,6.2
2682,5.3
2683,4.1
2684,3.4
2685,2.7
2686,2.2
2687,2.1
2688,1.9
2689,1.7
2690,1.3
2691,1.1
2692,2.2
2693,3.8
2694,5.2
2695,7.6
2696,9.4
2697,9.3
2698,10.3
2699,10.4
2700,9.9
2701,9.4
2702,7.9
2703,6.1
2704,5.4
2705,4.5
2706,3.3
2707,2.4
2708,1.7
2709,1.5
2710,2.2
2711,2.6
2712,2.4
2713,2.1
2714,1.5
2715,1.2
2716,1.6
2717,3.6
2718,5.7
2719,8.3
2720,9.9
2721,9.1
2722,8.9
2723,8.8
2724,9.6
2725,10.1
2726,9.9
2727,9.6
2728,9.2
2729,8.5
2730,7.3
2731,6.8
2732,6.4
2733,6.5
2734,6.3
2735,5.9
2736,5.6
2737,5.5
2738,5.3
2739,5.0
2740,5.7
2741,7.7
2742,9.9
2743,12.4
2744,14.3
2745,15.3
2746,16.7
2747,17.4
2748,18.4
2749,18.4
2750,17.6
2751,16.8
2752,15.9
2753,12.3
2754,10.8
2755,10.2
2756,9.2
2757,8.6
2758,7.3
2759,6.6
2760,6.0
2761,5.2
2762,5.0
2763,4.8
2764,4.9
2765,5.1
2766,5.5
2767,5.8
2768,6.0
2769,6.5
2770,6.9
2771,7.0
2772,6.6
2773,6.3
2774,5.8
2775,5.3
2776,5.0
2777,4.8
2778,4.6
2779,4.3
2780,4.1
2781,3.8
2782,3.6
2783,3.6
2784,3.6
2785,3.5
2786,3.4
2787,3.4
2788,3.7
2789,4.2
2790,4.6
2791,4.9
2792,5.0
2793,5.3
2794,5.4
2795,5.4
2796,5.6
2797,6.5
2798,7.2
2799,7.3
2800,7.0
2801,6.4
2802,5.8
2803,5.5
2804,5.0
2805,4.8
2806,4.5
2807,4.0
2808,4.7
2809,5.2
2810,5.3
2811,5.1
2812,5.0
2813,4.8
2814,4.5
2815,4.5
2816,4.6
2817,5.1
2818,5.4
2819,5.6
2820,5.7
2821,6.0
2822,5.9
2823,5.2
2824,5.0
2825,4.8
2826,4.5
2827,4.3
2828,4.1
2829,4.0
2830,4.0
2831,3.9
2832,3.8
2833,3.7
2834,3.8
2835,3.9
2836,3.9
2837,4.2
2838,5.0
2839,5.8
2840,6.5
2841,7.4
2842,7.9
2843,8.7
2844,11.4
2845,11.0
2846,11.4
2847,10.6
2848,10.4
2849,9.3
2850,7.7
2851,6.3
2852,7.2
2853,7.0
2854,6.5
2855,5.9
2856,5.2
2857,4.2
2858,4.4
2859,4.3
2860,4.7
2861,5.6
2862,5.6
2863,6.1
2864,6.4
2865,7.2
2866,8.4
2867,8.9
2868,9.0
2869,9.3
2870,9.6
2871,9.4
2872,9.3
2873,8.5
2874,7.3
2875,4.9
2876,5.4
2877,7.7
2878,7.7
2879,7.2
2880,6.8
2881,6.4
2882,6.4
2883,6.0
2884,6.2
2885,7.7
2886,9.6
2887,10.4
2888,11.7
2889,12.2
2890,12.7
2891,13.2
2892,13.7
2893,13.4
2894,13.2
2895,12.8
2896,12.3
2897,11.6
2898,10.5
2899,9.6
2900,8.6
2901,8.2
2902,7.7
2903,7.0
2904,6.5
2905,6.1
2906,5.6
2907,5.3
2908,5.8
2909,6.7
2910,8.4
2911,9.4
2912,10.2
2913,10.9
2914,11.6
2915,11.8
2916,12.0
2917,12.0
2918,11.5
2919,10.9
2920,10.3
2921,9.7
2922,9.0
2923,8.6
2924,7.6
2925,6.8
2926,6.5
2927,6.4
2928,6.1
2929,6.0
2930,6.0
2931,6.1
2932,6.2
2933,6.4
2934,6.7
2935,7.1
2936,7.5
2937,8.5
2938,9.9
2939,10.6
2940,10.7
2941,10.1
2942,9.7
2943,9.7
2944,9.7
2945,9.8
2946,9.8
2947,9.9
2948,10.0
2949,10.2
2950,10.8
2951,11.4
2952,10.9
2953,10.4
2954,10.0
2955,10.0
2956,10.1
2957,10.2
2958,10.3
2959,10.3
2960,10.6
2961,11.4
2962,13.0
2963,15.3
2964,16.7
2965,16.8
2966,16.8
2967,16.5
2968,15.0
2969,14.0
2970,13.4
2971,12.6
2972,12.0
2973,11.8
2974,11.5
2975,11.4
2976,11.5
2977,11.5
2978,11.6
2979,11.7
2980,12.0
2981,12.6
2982,13.4
2983,14.2
2984,16.2
2985,17.3
2986,19.2
2987,19.7
2988,20.7
2989,20.9
2990,20.4
2991,19.8
2992,19.6
2993,18.9
2994,18.1
2995,17.3
2996,16.6
2997,15.1
2998,15.2
2999,14.7
3000,14.4
3001,14.4
3002,14.3
3003,14.1
3004,14.3
3005,14.6
3006,15.4
3007,17.3
3008,19.1
3009,20.9
3010,22.2
3011,23.4
3012,24.2
3013,23.6
3014,23.3
3015,21.9
3016,20.7
3017,19.1
3018,17.6
3019,16.7
3020,16.0
3021,15.7
3022,15.0
3023,14.4
3024,13.9
3025,13.7
3026,13.3
3027,13.2
3028,13.3
3029,13.4
3030,14.2
3031,14.4
3032,13.9
3033,14.0
3034,13.8
3035,13.7
3036,13.3
3037,13.4
3038,12.9
3039,11.2
3040,10.5
3041,9.8
3042,9.4
3043,8.8
3044,8.3
3045,8.0
3046,7.8
3047,7.4
3048,7.0
3049,6.8
3050,6.6
3051,6.6
3052,6.5
3053,6.5
3054,6.7
3055,7.3
3056,8.1
3057,8.9
3058,9.2
3059,9.7
3060,9.8
3061,8.7
3062,8.4
3063,7.8
3064,6.4
3065,6.2
3066,6.0
3067,5.7
3068,4.8
3069,3.4
3070,1.9
3071,1.3
3072,1.4
3073,2.2
3074,2.7
3075,2.7
3076,3.0
3077,3.8
3078,4.5
3079,5.3
3080,7.4
3081,8.7
3082,9.0
3083,8.1
3084,9.1
3085,6.5
3086,6.5
3087,5.6
3088,5.2
3089,4.2
3090,3.4
3091,2.3
3092,1.2
3093,0.5
3094,-0.2
3095,-0.9
3096,-1.7
3097,-2.1
3098,-2.3
3099,-1.8
3100,-0.2
3101,2.1
3102,3.8
3103,6.6
3104,9.0
3105,10.4
3106,11.0
3107,11.3
3108,10.9
3109,10.8
3110,10.6
3111,8.6
3112,7.3
3113,7.3
3114,7.1
3115,6.8
3116,6.8
3117,6.4
3118,6.1
3119,6.2
3120,6.0
3121,6.0
3122,5.8
3123,5.8
3124,6.3
3125,6.8
3126,6.8
3127,7.2
3128,8.1
3129,9.0
3130,9.0
3131,8.8
3132,9.9
3133,11.2
3134,11.3
3135,11.5
3136,11.0
3137,10.3
3138,9.3
3139,8.4
3140,7.7
3141,7.0
3142,6.4
3143,6.0
3144,5.6
3145,5.3
3146,5.2
3147,5.4
3148,6.6
3149,8.7
3150,11.0
3151,13.2
3152,15.2
3153,16.8
3154,17.7
3155,18.1
3156,18.3
3157,18.1
3158,18.0
3159,17.9
3160,17.4
3161,16.9
3162,15.8
3163,14.9
3164,13.9
3165,13.1
3166,11.9
3167,11.0
3168,10.4
3169,9.9
3170,9.7
3171,10.2
3172,10.9
3173,11.8
3174,13.5
3175,15.9
3176,18.2
3177,19.2
3178,19.6
3179,20.2
3180,21.1
3181,20.8
3182,20.3
3183,20.0
3184,19.7
3185,18.7
3186,16.1
3187,12.6
3188,10.9
3189,9.7
3190,9.0
3191,8.4
3192,7.8
3193,7.3
3194,7.6
3195,8.9
3196,10.3
3197,13.4
3198,17.9
3199,20.1
3200,21.1
3201,20.6
3202,19.7
3203,21.8
3204,23.0
3205,20.5
3206,20.8
3207,20.7
3208,20.3
3209,19.4
3210,16.8
3211,16.2
3212,14.3
3213,12.8
3214,12.3
3215,11.9
3216,11.4
3217,10.9
3218,10.2
3219,10.4
3220,12.3
3221,15.5
3222,16.2
3223,16.3
3224,17.2
3225,19.1
3226,19.2
3227,19.2
3228,20.2
3229,20.4
3230,20.3
3231,19.9
3232,19.9
3233,18.9
3234,16.9
3235,16.0
3236,14.7
3237,13.0
3238,11.7
3239,11.1
3240,11.9
3241,12.0
3242,11.8
3243,11.9
3244,13.6
3245,15.0
3246,16.6
3247,18.5
3248,19.9
3249,20.5
3250,21.8
3251,22.0
3252,22.0
3253,21.3
3254,21.0
3255,20.5
3256,20.3
3257,19.4
3258,17.5
3259,15.0
3260,12.6
3261,12.2
3262,13.6
3263,10.5
3264,8.9
3265,7.9
3266,7.1
3267,8.2
3268,13.0
3269,15.0
3270,17.7
3271,19.1
3272,20.4
3273,21.6
3274,22.3
3275,22.7
3276,23.2
3277,22.6
3278,21.6
3279,21.0
3280,20.8
3281,20.2
3282,18.3
3283,15.9
3284,13.7
3285,11.6
3286,10.8
3287,12.3
3288,12.1
3289,11.5
3290,10.8
3291,11.4
3292,14.4
3293,17.0
3294,19.3
3295,21.2
3296,22.3
3297,22.9
3298,23.6
3299,24.1
3300,24.4
3301,24.3
3302,23.5
3303,23.3
3304,22.8
3305,22.0
3306,20.4
3307,18.6
3308,17.1
3309,15.9
3310,15.1
3311,14.2
3312,13.8
3313,12.8
3314,12.0
3315,12.0
3316,13.7
3317,16.2
3318,19.1
3319,21.6
3320,23.1
3321,24.0
3322,24.7
3323,25.2
3324,25.8
3325,25.8
3326,25.1
3327,24.6
3328,24.1
3329,23.2
3330,21.5
3331,20.1
3332,18.8
3333,17.6
3334,16.2
3335,16.0
3336,15.3
3337,14.7
3338,13.7
3339,13.7
3340,16.4
3341,18.7
3342,21.0
3343,23.4
3344,24.8
3345,25.7
3346,26.6
3347,27.1
3348,27.4
3349,27.8
3350,27.0
3351,26.7
3352,26.0
3353,24.5
3354,21.5
3355,19.6
3356,18.2
3357,16.4
3358,15.5
3359,15.6
3360,15.0
3361,14.5
3362,14.0
3363,13.8
3364,14.2
3365,15.1
3366,17.2
3367,19.1
3368,20.2
3369,21.5
3370,22.4
3371,21.7
3372,20.2
3373,19.1
3374,19.5
3375,19.4
3376,19.5
3377,19.3
3378,18.5
3379,16.7
3380,15.0
3381,13.9
3382,13.2
3383,11.6
3384,10.7
3385,10.3
3386,9.9
3387,10.5
3388,12.7
3389,14.5
3390,16.8
3391,19.2
3392,20.7
3393,21.6
3394,22.1
3395,22.6
3396,22.6
3397,22.3
3398,22.3
3399,21.7
3400,21.2
3401,19.8
3402,18.1
3403,17.7
3404,16.8
3405,16.2
3406,16.0
3407,15.9
3408,14.6
3409,14.4
3410,12.2
3411,11.8
3412,13.6
3413,16.4
3414,18.5
3415,20.6
3416,22.1
3417,22.3
3418,23.7
3419,24.5
3420,24.4
3421,25.1
3422,23.5
3423,22.2
3424,21.4
3425,20.3
3426,18.8
3427,15.5
3428,13.5
3429,12.4
3430,11.3
3431,11.0
3432,10.6
3433,10.6
3434,10.4
3435,11.0
3436,15.0
3437,15.8
3438,17.5
3439,16.6
3440,15.1
3441,14.2
3442,15.1
3443,16.7
3444,17.0
3445,15.3
3446,14.5
3447,14.2
3448,12.9
3449,12.5
3450,12.4
3451,12.3
3452,12.5
3453,12.6
3454,12.8
3455,12.8
3456,12.7
3457,12.1
3458,11.2
3459,10.9
3460,11.9
3461,13.2
3462,14.8
3463,17.0
3464,18.8
3465,20.1
3466,21.6
3467,21.6
3468,21.8
3469,21.8
3470,20.7
3471,20.1
3472,18.7
3473,17.4
3474,15.4
3475,13.8
3476,13.0
3477,12.6
3478,13.2
3479,12.9
3480,11.6
3481,10.2
3482,9.5
3483,10.4
3484,13.2
3485,15.6
3486,17.4
3487,18.5
3488,19.3
3489,18.4
3490,17.8
3491,20.1
3492,21.7
3493,21.5
3494,18.4
3495,20.2
3496,18.7
3497,17.3
3498,15.7
3499,15.1
3500,14.7
3501,14.4
3502,13.6
3503,13.1
3504,12.6
3505,11.5
3506,10.9
3507,11.5
3508,13.1
3509,15.3
3510,17.5
3511,19.1
3512,20.4
3513,20.6
3514,21.3
3515,21.8
3516,22.6
3517,22.9
3518,21.9
3519,21.4
3520,21.1
3521,20.6
3522,18.7
3523,15.3
3524,13.2
3525,12.1
3526,11.1
3527,10.3
3528,9.6
3529,9.1
3530,8.7
3531,10.3
3532,14.5
3533,19.5
3534,22.0
3535,23.2
3536,24.8
3537,25.8
3538,26.0
3539,26.3
3540,26.8
3541,26.7
3542,26.2
3543,25.3
3544,24.8
3545,23.7
3546,21.1
3547,17.7
3548,16.3
3549,17.1
3550,16.8
3551,16.8
3552,16.0
3553,16.0
3554,16.0
3555,16.6
3556,18.9
3557,21.2
3558,23.5
3559,24.0
3560,24.3
3561,25.3
3562,24.8
3563,26.1
3564,27.3
3565,27.6
3566,26.9
3567,26.2
3568,25.6
3569,24.9
3570,22.9
3571,20.4
3572,19.1
3573,20.0
3574,19.2
3575,18.3
3576,17.0
3577,15.4
3578,13.7
3579,15.5
3580,17.1
3581,18.2
3582,20.1
3583,21.8
3584,23.6
3585,24.1
3586,25.3
3587,26.1
3588,26.6
3589,26.9
3590,25.9
3591,25.1
3592,24.5
3593,23.5
3594,21.7
3595,20.4
3596,20.4
3597,20.0
3598,19.7
3599,19.6
3600,19.1
3601,18.7
3602,18.5
3603,18.6
3604,18.9
3605,20.2
3606,21.1
3607,21.4
3608,23.0
3609,23.3
3610,21.9
3611,22.7
3612,22.2
3613,22.4
3614,22.2
3615,22.1
3616,21.3
3617,20.4
3618,19.2
3619,17.4
3620,15.0
3621,13.4
3622,12.4
3623,11.7
3624,10.7
3625,10.4
3626,10.3
3627,11.8
3628,13.6
3629,14.8
3630,14.1
3631,15.9
3632,16.7
3633,16.4
3634,16.6
3635,17.5
3636,17.3
3637,17.4
3638,16.8
3639,16.5
3640,16.4
3641,15.9
3642,15.1
3643,13.0
3644,11.1
3645,10.2
3646,10.0
3647,10.1
3648,9.5
3649,8.6
3650,7.6
3651,9.4
3652,13.1
3653,15.6
3654,17.7
3655,19.2
3656,20.6
3657,21.8
3658,22.2
3659,22.9
3660,22.6
3661,22.5
3662,21.3
3663,20.3
3664,20.1
3665,19.7
3666,18.4
3667,17.5
3668,17.0
3669,15.1
3670,13.6
3671,12.1
3672,10.8
3673,9.4
3674,8.4
3675,8.9
3676,10.2
3677,11.4
3678,13.0
3679,14.5
3680,16.1
3681,17.4
3682,18.4
3683,19.5
3684,20.5
3685,20.5
3686,19.9
3687,19.5
3688,19.5
3689,19.1
3690,17.8
3691,16.2
3692,15.1
3693,14.1
3694,13.2
3695,12.8
3696,12.3
3697,11.7
3698,12.0
3699,12.3
3700,14.2
3701,16.3
3702,18.8
3703,20.5
3704,23.4
3705,25.0
3706,26.2
3707,26.4
3708,26.5
3709,26.3
3710,25.7
3711,24.3
3712,22.5
3713,20.1
3714,18.8
3715,18.4
3716,18.4
3717,17.2
3718,15.8
3719,15.2
3720,14.7
3721,14.5
3722,14.4
3723,14.5
3724,15.0
3725,16.7
3726,17.6
3727,19.1
3728,20.7
3729,21.6
3730,22.3
3731,23.3
3732,22.7
3733,22.8
3734,21.6
3735,20.7
3736,19.8
3737,19.1
3738,17.4
3739,14.6
3740,12.9
3741,12.0
3742,11.3
3743,11.4
3744,12.3
3745,13.5
3746,13.5
3747,13.9
3748,15.6
3749,17.7
3750,19.9
3751,21.7
3752,22.2
3753,22.3
3754,23.6
3755,23.9
3756,23.2
3757,22.8
3758,21.2
3759,21.6
3760,21.5
3761,20.1
3762,19.4
3763,19.2
3764,18.8
3765,18.5
3766,18.9
3767,19.1
3768,18.8
3769,18.4
3770,18.2
3771,16.6
3772,14.4
3773,15.4
3774,17.9
3775,18.8
3776,19.6
3777,19.0
3778,21.8
3779,22.1
3780,21.9
3781,20.9
3782,20.8
3783,20.0
3784,19.4
3785,18.4
3786,16.3
3787,14.3
3788,12.0
3789,10.6
3790,9.6
3791,9.0
3792,8.4
3793,7.8
3794,7.6
3795,9.6
3796,14.0
3797,16.8
3798,18.9
3799,20.4
3800,21.0
3801,21.5
3802,22.4
3803,22.1
3804,22.1
3805,22.0
3806,21.3
3807,20.3
3808,19.2
3809,18.7
3810,16.5
3811,13.9
3812,12.0
3813,11.1
3814,10.6
3815,10.1
3816,11.3
3817,12.1
3818,12.8
3819,13.1
3820,14.6
3821,16.2
3822,17.7
3823,19.4
3824,22.0
3825,23.2
3826,23.8
3827,24.2
3828,25.0
3829,24.9
3830,24.2
3831,23.9
3832,23.5
3833,23.2
3834,22.1
3835,18.6
3836,16.4
3837,16.8
3838,16.7
3839,15.7
3840,14.8
3841,13.8
3842,13.5
3843,14.4
3844,16.9
3845,19.4
3846,21.4
3847,23.7
3848,24.5
3849,25.7
3850,26.3
3851,27.0
3852,26.5
3853,24.8
3854,23.0
3855,20.8
3856,19.6
3857,18.6
3858,17.5
3859,17.0
3860,16.4
3861,16.3
3862,15.7
3863,15.1
3864,15.2
3865,15.2
3866,14.9
3867,14.8
3868,15.1
3869,16.8
3870,19.5
3871,21.5
3872,22.5
3873,22.9
3874,24.0
3875,24.5
3876,25.0
3877,24.4
3878,23.5
3879,22.9
3880,22.2
3881,21.3
3882,19.9
3883,17.6
3884,15.9
3885,14.9
3886,13.6
3887,13.1
3888,13.6
3889,14.8
3890,15.3
3891,15.7
3892,16.7
3893,18.5
3894,19.1
3895,20.0
3896,21.1
3897,21.6
3898,22.5
3899,22.3
3900,24.5
3901,25.8
3902,21.5
3903,17.8
3904,18.9
3905,18.6
3906,17.6
3907,15.9
3908,15.2
3909,14.1
3910,14.1
3911,14.1
3912,14.3
3913,14.2
3914,14.1
3915,14.2
3916,15.6
3917,16.8
3918,16.3
3919,17.0
3920,16.5
3921,17.3
3922,17.6
3923,18.4
3924,18.3
3925,18.0
3926,18.5
3927,18.4
3928,18.1
3929,17.3
3930,16.3
3931,15.3
3932,14.5
3933,14.4
3934,13.5
3935,13.3
3936,12.5
3937,12.7
3938,12.5
3939,12.8
3940,13.0
3941,13.6
3942,13.9
3943,13.9
3944,15.0
3945,18.0
3946,19.8
3947,20.2
3948,20.2
3949,20.2
3950,19.3
3951,19.1
3952,18.3
3953,17.1
3954,16.3
3955,15.6
3956,14.6
3957,13.4
3958,12.4
3959,11.3
3960,10.3
3961,9.5
3962,9.2
3963,11.0
3964,14.3
3965,17.1
3966,19.3
3967,20.6
3968,21.4
3969,22.6
3970,23.0
3971,23.4
3972,23.8
3973,24.1
3974,23.1
3975,22.0
3976,21.4
3977,20.4
3978,18.8
3979,16.3
3980,14.1
3981,12.9
3982,12.2
3983,11.4
3984,11.1
3985,11.4
3986,12.4
3987,14.1
3988,16.5
3989,18.4
3990,19.5
3991,19.9
3992,19.2
3993,19.1
3994,21.3
3995,24.1
3996,24.6
3997,24.6
3998,23.8
3999,18.5
4000,18.8
4001,18.1
4002,17.4
4003,15.9
4004,15.3
4005,14.7
4006,14.0
4007,13.4
4008,13.1
4009,12.9
4010,12.8
4011,12.5
4012,12.6
4013,13.0
4014,14.0
4015,15.0
4016,17.6
4017,18.4
4018,19.7
4019,19.4
4020,20.3
4021,20.5
4022,20.5
4023,20.6
4024,20.6
4025,19.9
4026,18.8
4027,17.7
4028,16.2
4029,15.0
4030,14.2
4031,13.6
4032,12.8
4033,12.1
4034,11.7
4035,12.5
4036,14.5
4037,17.0
4038,18.0
4039,19.2
4040,21.8
4041,23.2
4042,24.1
4043,24.9
4044,25.0
4045,25.1
4046,24.2
4047,23.3
4048,22.6
4049,22.4
4050,21.0
4051,18.7
4052,17.4
4053,16.4
4054,16.2
4055,15.7
4056,15.0
4057,14.1
4058,13.8
4059,15.9
4060,19.2
4061,21.0
4062,23.5
4063,24.7
4064,25.6
4065,26.7
4066,27.2
4067,28.0
4068,27.5
4069,28.7
4070,27.9
4071,27.1
4072,26.6
4073,25.7
4074,24.3
4075,22.5
4076,21.4
4077,19.9
4078,18.8
4079,17.9
4080,17.5
4081,16.8
4082,16.3
4083,17.9
4084,21.5
4085,24.5
4086,26.1
4087,27.5
4088,28.4
4089,29.1
4090,29.8
4091,30.5
4092,30.2
4093,30.7
4094,30.0
4095,29.0
4096,27.4
4097,24.0
4098,23.0
4099,21.6
4100,20.2
4101,19.0
4102,17.2
4103,15.7
4104,14.6
4105,11.9
4106,11.4
4107,12.6
4108,15.1
4109,17.3
4110,18.6
4111,19.3
4112,20.3
4113,21.6
4114,22.3
4115,23.2
4116,23.4
4117,21.9
4118,21.2
4119,20.3
4120,19.5
4121,18.7
4122,17.2
4123,15.3
4124,13.2
4125,11.5
4126,11.0
4127,11.0
4128,10.9
4129,10.7
4130,11.0
4131,11.9
4132,13.2
4133,15.4
4134,18.4
4135,21.0
4136,22.4
4137,23.6
4138,24.5
4139,24.7
4140,25.2
4141,25.2
4142,24.3
4143,23.2
4144,22.1
4145,21.0
4146,20.2
4147,18.7
4148,16.4
4149,15.1
4150,15.8
4151,16.5
4152,17.1
4153,16.6
4154,17.0
4155,16.7
4156,17.2
4157,17.2
4158,17.1
4159,17.5
4160,18.4
4161,18.6
4162,19.4
4163,19.8
4164,21.5
4165,22.7
4166,22.1
4167,22.1
4168,21.2
4169,20.4
4170,19.7
4171,19.0
4172,18.3
4173,18.0
4174,17.6
4175,17.5
4176,16.9
4177,16.6
4178,15.9
4179,15.9
4180,16.3
4181,17.0
4182,18.3
4183,19.4
4184,19.5
4185,19.9
4186,20.4
4187,20.9
4188,21.7
4189,22.3
4190,22.5
4191,22.1
4192,21.8
4193,21.2
4194,20.4
4195,19.5
4196,19.1
4197,18.8
4198,18.9
4199,19.0
4200,18.3
4201,17.8
4202,16.8
4203,17.3
4204,19.8
4205,21.2
4206,21.9
4207,22.0
4208,23.4
4209,23.5
4210,25.1
4211,26.3
4212,25.9
4213,27.0
4214,26.5
4215,25.9
4216,25.7
4217,25.2
4218,24.2
4219,21.4
4220,19.8
4221,19.6
4222,19.1
4223,18.5
4224,17.7
4225,17.1
4226,16.8
4227,16.9
4228,18.7
4229,20.1
4230,20.4
4231,21.0
4232,22.3
4233,23.9
4234,22.3
4235,22.6
4236,21.5
4237,22.1
4238,20.0
4239,17.9
4240,18.3
4241,18.1
4242,16.7
4243,14.9
4244,13.7
4245,13.0
4246,12.0
4247,11.2
4248,10.6
4249,9.8
4250,9.2
4251,10.8
4252,13.9
4253,17.0
4254,19.2
4255,21.0
4256,22.0
4257,22.5
4258,24.1
4259,24.3
4260,25.4
4261,24.9
4262,24.5
4263,23.5
4264,23.0
4265,22.4
4266,21.5
4267,20.4
4268,20.7
4269,20.3
4270,20.0
4271,19.1
4272,16.6
4273,16.5
4274,16.4
4275,16.5
4276,16.8
4277,17.0
4278,17.3
4279,17.6
4280,19.4
4281,21.8
4282,23.8
4283,25.2
4284,26.1
4285,26.9
4286,26.8
4287,26.3
4288,24.3
4289,22.1
4290,21.7
4291,19.7
4292,19.0
4293,19.7
4294,19.6
4295,19.3
4296,19.2
4297,18.6
4298,18.2
4299,18.5
4300,19.9
4301,21.4
4302,24.1
4303,26.0
4304,27.5
4305,27.7
4306,24.2
4307,18.2
4308,21.8
4309,25.0
4310,27.0
4311,27.2
4312,24.4
4313,20.7
4314,20.8
4315,20.3
4316,20.0
4317,19.7
4318,19.3
4319,18.7
4320,18.6
4321,17.5
4322,16.2
4323,16.4
4324,17.6
4325,19.3
4326,20.4
4327,21.3
4328,21.5
4329,22.1
4330,22.5
4331,22.5
4332,22.4
4333,23.1
4334,20.0
4335,16.8
4336,18.1
4337,16.2
4338,15.3
4339,14.9
4340,15.1
4341,15.2
4342,13.9
4343,13.3
4344,12.8
4345,12.1
4346,12.0
4347,13.3
4348,15.9
4349,18.3
4350,20.2
4351,22.6
4352,23.9
4353,24.7
4354,24.7
4355,24.7
4356,24.6
4357,22.2
4358,21.7
4359,21.1
4360,20.4
4361,19.4
4362,19.0
4363,16.9
4364,16.1
4365,15.9
4366,16.1
4367,16.0
4368,15.7
4369,15.2
4370,15.1
4371,15.1
4372,14.7
4373,14.6
4374,14.4
4375,14.7
4376,14.5
4377,16.8
4378,18.4
4379,21.4
4380,22.2
4381,22.3
4382,21.6
4383,20.8
4384,20.2
4385,19.1
4386,17.3
4387,15.5
4388,14.8
4389,15.2
4390,15.3
4391,15.1
4392,14.6
4393,14.1
4394,13.7
4395,13.8
4396,14.5
4397,16.3
4398,17.5
4399,17.9
4400,17.8
4401,17.6
4402,17.7
4403,18.6
4404,19.4
4405,20.1
4406,19.6
4407,18.9
4408,18.3
4409,17.4
4410,16.0
4411,14.1
4412,13.5
4413,12.8
4414,12.1
4415,10.7
4416,9.9
4417,9.4
4418,10.3
4419,12.5
4420,13.9
4421,13.6
4422,13.2
4423,13.7
4424,15.9
4425,16.1
4426,18.9
4427,20.5
4428,19.9
4429,19.9
4430,19.6
4431,19.1
4432,18.0
4433,17.1
4434,16.0
4435,13.6
4436,11.7
4437,10.7
4438,9.9
4439,9.5
4440,9.0
4441,8.8
4442,9.0
4443,9.6
4444,12.4
4445,14.3
4446,15.5
4447,17.0
4448,19.2
4449,20.5
4450,19.7
4451,16.8
4452,15.2
4453,15.3
4454,15.8
4455,16.6
4456,16.3
4457,15.7
4458,15.0
4459,14.2
4460,13.1
4461,12.2
4462,11.7
4463,10.2
4464,9.7
4465,9.2
4466,8.1
4467,9.6
4468,12.9
4469,16.0
4470,18.0
4471,19.5
4472,20.2
4473,21.3
4474,22.7
4475,22.8
4476,22.8
4477,22.7
4478,21.5
4479,20.6
4480,20.2
4481,19.4
4482,17.7
4483,14.8
4484,13.4
4485,12.6
4486,12.7
4487,11.6
4488,10.9
4489,10.3
4490,9.6
4491,10.6
4492,14.2
4493,17.1
4494,19.4
4495,21.3
4496,22.4
4497,23.1
4498,23.3
4499,23.1
4500,23.3
4501,23.3
4502,23.3
4503,22.8
4504,21.4
4505,20.2
4506,19.4
4507,17.9
4508,17.3
4509,17.3
4510,16.4
4511,16.1
4512,15.5
4513,15.2
4514,15.2
4515,15.2
4516,16.2
4517,17.2
4518,19.2
4519,20.5
4520,21.8
4521,22.8
4522,22.8
4523,23.1
4524,23.3
4525,23.4
4526,23.2
4527,22.7
4528,22.1
4529,20.9
4530,19.0
4531,17.0
4532,16.0
4533,15.2
4534,14.8
4535,14.4
4536,14.4
4537,13.9
4538,13.2
4539,13.8
4540,15.2
4541,15.9
4542,16.9
4543,18.9
4544,21.0
4545,22.6
4546,24.5
4547,25.9
4548,25.8
4549,25.9
4550,24.6
4551,23.6
4552,22.9
4553,21.9
4554,20.0
4555,17.2
4556,15.3
4557,14.0
4558,13.7
4559,13.2
4560,12.9
4561,13.4
4562,14.2
4563,15.0
4564,17.5
4565,20.2
4566,22.8
4567,24.5
4568,26.1
4569,27.4
4570,28.5
4571,29.0
4572,29.6
4573,28.8
4574,25.8
4575,22.9
4576,23.5
4577,23.6
4578,23.2
4579,21.8
4580,20.7
4581,20.7
4582,20.0
4583,19.2
4584,18.6
4585,17.4
4586,17.5
4587,17.8
4588,18.6
4589,21.6
4590,24.0
4591,26.0
4592,27.6
4593,27.4
4594,26.3
4595,20.8
4596,20.1
4597,21.1
4598,21.2
4599,21.3
4600,20.9
4601,19.8
4602,19.0
4603,18.4
4604,17.8
4605,16.8
4606,15.8
4607,15.6
4608,15.5
4609,14.9
4610,14.2
4611,14.7
4612,17.6
4613,18.8
4614,18.7
4615,20.6
4616,22.5
4617,24.1
4618,25.5
4619,26.2
4620,26.2
4621,26.1
4622,24.6
4623,20.1
4624,21.0
4625,21.4
4626,21.4
4627,21.2
4628,20.7
4629,19.8
4630,18.3
4631,17.9
4632,17.5
4633,17.1
4634,17.0
4635,17.1
4636,17.1
4637,16.8
4638,16.4
4639,15.4
4640,14.5
4641,14.2
4642,14.9
4643,17.9
4644,19.1
4645,20.1
4646,20.2
4647,19.7
4648,19.4
4649,18.8
4650,16.6
4651,14.8
4652,13.9
4653,13.1
4654,12.0
4655,10.6
4656,9.9
4657,9.5
4658,9.2
4659,9.9
4660,13.6
4661,16.3
4662,18.2
4663,19.5
4664,20.6
4665,21.0
4666,21.0
4667,21.4
4668,21.6
4669,21.4
4670,20.3
4671,19.7
4672,19.1
4673,17.5
4674,15.9
4675,14.4
4676,13.4
4677,12.5
4678,11.9
4679,11.0
4680,10.8
4681,11.4
4682,11.6
4683,11.7
4684,13.0
4685,15.2
4686,17.3
4687,19.5
4688,20.4
4689,20.8
4690,20.1
4691,21.5
4692,20.5
4693,18.4
4694,19.1
4695,19.6
4696,19.8
4697,16.0
4698,15.2
4699,15.3
4700,13.7
4701,12.8
4702,11.6
4703,11.4
4704,11.0
4705,10.4
4706,9.6
4707,10.2
4708,13.1
4709,16.9
4710,19.4
4711,21.0
4712,22.0
4713,22.5
4714,23.4
4715,23.5
4716,23.8
4717,22.5
4718,22.4
4719,21.9
4720,21.4
4721,20.5
4722,18.6
4723,16.6
4724,15.1
4725,14.4
4726,14.1
4727,13.9
4728,13.7
4729,14.0
4730,14.0
4731,14.7
4732,15.0
4733,15.1
4734,15.8
4735,16.2
4736,17.4
4737,18.3
4738,18.5
4739,18.1
4740,19.7
4741,20.9
4742,21.9
4743,21.7
4744,21.3
4745,20.9
4746,18.8
4747,17.5
4748,16.5
4749,14.6
4750,13.5
4751,12.8
4752,12.4
4753,11.8
4754,10.9
4755,11.7
4756,15.8
4757,16.1
4758,16.8
4759,19.2
4760,22.0
4761,22.8
4762,22.9
4763,22.1
4764,23.5
4765,24.0
4766,23.2
4767,22.5
4768,21.7
4769,20.9
4770,19.0
4771,16.0
4772,14.7
4773,13.8
4774,13.1
4775,12.4
4776,11.9
4777,12.0
4778,12.1
4779,13.4
4780,15.9
4781,18.6
4782,20.7
4783,22.9
4784,23.6
4785,24.8
4786,24.8
4787,25.5
4788,25.8
4789,26.3
4790,25.9
4791,25.5
4792,25.3
4793,24.6
4794,23.6
4795,22.2
4796,21.0
4797,19.6
4798,18.7
4799,18.2
4800,17.9
4801,17.5
4802,17.4
4803,17.4
4804,18.3
4805,20.0
4806,21.5
4807,23.8
4808,24.3
4809,23.8
4810,24.6
4811,24.8
4812,23.8
4813,21.9
4814,20.8
4815,20.7
4816,21.3
4817,21.2
4818,20.0
4819,18.2
4820,17.0
4821,16.5
4822,16.0
4823,15.5
4824,15.2
4825,14.9
4826,14.6
4827,15.3
4828,16.5
4829,19.4
4830,22.4
4831,23.5
4832,25.0
4833,25.5
4834,23.7
4835,22.2
4836,21.0
4837,20.6
4838,20.4
4839,20.9
4840,20.9
4841,20.8
4842,20.0
4843,18.7
4844,17.8
4845,17.8
4846,18.2
4847,18.5
4848,18.1
4849,17.8
4850,17.4
4851,17.1
4852,17.2
4853,17.9
4854,19.5
4855,21.4
4856,23.2
4857,23.9
4858,24.8
4859,25.7
4860,26.2
4861,25.9
4862,25.7
4863,25.5
4864,24.7
4865,23.9
4866,23.1
4867,22.1
4868,21.3
4869,20.4
4870,19.4
4871,19.2
4872,18.7
4873,18.3
4874,18.0
4875,18.0
4876,18.5
4877,18.6
4878,18.7
4879,19.1
4880,19.7
4881,21.0
4882,23.4
4883,25.2
4884,26.5
4885,27.1
4886,25.3
4887,19.5
4888,20.8
4889,20.8
4890,20.5
4891,20.0
4892,19.5
4893,19.0
4894,18.1
4895,18.3
4896,17.8
4897,17.5
4898,16.5
4899,16.1
4900,17.0
4901,19.1
4902,21.8
4903,24.2
4904,25.7
4905,26.2
4906,27.2
4907,27.4
4908,27.4
4909,26.0
4910,25.6
4911,25.6
4912,25.2
4913,24.5
4914,23.6
4915,23.0
4916,22.4
4917,22.2
4918,21.9
4919,21.2
4920,20.2
4921,19.7
4922,19.4
4923,19.3
4924,19.5
4925,18.8
4926,18.5
4927,18.4
4928,18.6
4929,19.4
4930,19.9
4931,20.9
4932,22.6
4933,21.6
4934,19.6
4935,19.0
4936,18.2
4937,17.3
4938,16.9
4939,16.5
4940,15.6
4941,15.0
4942,14.7
4943,14.3
4944,14.4
4945,14.3
4946,14.6
4947,14.8
4948,15.0
4949,15.6
4950,15.8
4951,16.1
4952,16.8
4953,18.2
4954,19.6
4955,20.5
4956,21.1
4957,20.7
4958,20.6
4959,20.7
4960,20.4
4961,19.6
4962,17.6
4963,15.1
4964,14.0
4965,14.5
4966,14.6
4967,14.1
4968,13.8
4969,13.1
4970,12.8
4971,13.1
4972,14.8
4973,16.9
4974,19.4
4975,21.3
4976,22.8
4977,23.5
4978,24.2
4979,25.0
4980,25.0
4981,24.4
4982,24.0
4983,23.4
4984,22.1
4985,21.4
4986,19.5
4987,17.4
4988,16.4
4989,16.4
4990,16.7
4991,16.3
4992,16.2
4993,15.5
4994,15.2
4995,15.1
4996,15.1
4997,16.2
4998,19.0
4999,20.7
5000,22.1
5001,23.3
5002,23.4
5003,23.9
5004,22.5
5005,23.2
5006,22.7
5007,18.3
5008,17.0
5009,16.4
5010,16.4
5011,16.2
5012,15.0
5013,14.2
5014,13.5
5015,13.6
5016,13.3
5017,13.0
5018,12.6
5019,12.9
5020,13.6
5021,14.4
5022,17.9
5023,20.7
5024,22.7
5025,23.6
5026,24.5
5027,24.3
5028,25.8
5029,25.4
5030,24.2
5031,23.6
5032,22.7
5033,21.2
5034,20.0
5035,18.9
5036,17.4
5037,17.1
5038,17.5
5039,17.5
5040,16.3
5041,14.7
5042,13.8
5043,13.9
5044,17.6
5045,20.8
5046,23.7
5047,26.2
5048,27.4
5049,28.4
5050,29.1
5051,29.3
5052,30.0
5053,30.3
5054,29.5
5055,29.2
5056,29.1
5057,28.2
5058,26.4
5059,24.8
5060,23.4
5061,22.6
5062,22.1
5063,21.2
5064,20.7
5065,20.3
5066,20.0
5067,19.8
5068,21.6
5069,23.3
5070,25.7
5071,27.4
5072,29.1
5073,30.3
5074,30.7
5075,31.3
5076,32.3
5077,32.4
5078,31.3
5079,30.1
5080,29.1
5081,27.9
5082,25.8
5083,23.5
5084,22.0
5085,23.1
5086,21.0
5087,19.0
5088,21.4
5089,20.9
5090,21.0
5091,21.2
5092,20.6
5093,22.3
5094,25.4
5095,27.2
5096,28.9
5097,30.6
5098,32.4
5099,33.4
5100,34.4
5101,34.4
5102,33.7
5103,33.4
5104,32.7
5105,31.5
5106,29.7
5107,28.1
5108,27.1
5109,26.0
5110,24.7
5111,24.1
5112,23.5
5113,23.0
5114,22.6
5115,21.9
5116,23.5
5117,24.5
5118,25.2
5119,27.2
5120,25.9
5121,27.7
5122,28.2
5123,27.7
5124,29.0
5125,28.3
5126,27.0
5127,26.6
5128,26.2
5129,25.0
5130,23.0
5131,22.2
5132,21.0
5133,19.7
5134,19.1
5135,18.9
5136,18.6
5137,18.8
5138,19.0
5139,19.4
5140,19.7
5141,19.7
5142,20.3
5143,22.6
5144,25.4
5145,26.7
5146,28.5
5147,28.5
5148,29.2
5149,30.1
5150,29.8
5151,28.9
5152,28.4
5153,27.3
5154,25.9
5155,24.0
5156,21.4
5157,20.3
5158,19.3
5159,19.4
5160,21.5
5161,21.6
5162,21.0
5163,20.5
5164,20.8
5165,21.9
5166,23.5
5167,26.1
5168,27.3
5169,27.9
5170,28.3
5171,28.6
5172,29.0
5173,29.1
5174,28.1
5175,27.4
5176,26.5
5177,25.4
5178,24.2
5179,22.5
5180,21.5
5181,20.9
5182,20.0
5183,19.2
5184,18.4
5185,17.9
5186,17.3
5187,16.6
5188,17.8
5189,20.1
5190,21.1
5191,23.1
5192,24.9
5193,25.7
5194,26.4
5195,26.9
5196,27.8
5197,27.6
5198,26.4
5199,25.7
5200,24.9
5201,23.5
5202,21.3
5203,18.8
5204,17.5
5205,16.9
5206,17.1
5207,19.2
5208,19.4
5209,19.5
5210,19.1
5211,17.8
5212,17.4
5213,18.3
5214,19.4
5215,21.3
5216,23.0
5217,24.3
5218,24.0
5219,24.1
5220,23.9
5221,23.3
5222,22.8
5223,22.2
5224,21.4
5225,20.3
5226,18.5
5227,17.2
5228,16.4
5229,15.9
5230,15.5
5231,15.1
5232,14.5
5233,13.5
5234,12.6
5235,12.4
5236,13.3
5237,14.8
5238,16.5
5239,17.8
5240,19.4
5241,21.3
5242,22.2
5243,22.6
5244,23.0
5245,23.3
5246,22.9
5247,22.4
5248,21.3
5249,20.6
5250,17.9
5251,15.3
5252,14.9
5253,13.1
5254,13.1
5255,12.7
5256,13.2
5257,11.4
5258,11.2
5259,11.6
5260,13.1
5261,15.2
5262,18.1
5263,20.4
5264,21.6
5265,22.4
5266,23.2
5267,23.7
5268,24.2
5269,24.4
5270,24.2
5271,24.0
5272,23.7
5273,22.8
5274,21.5
5275,20.6
5276,19.5
5277,18.6
5278,17.9
5279,17.1
5280,16.5
5281,16.2
5282,15.6
5283,15.2
5284,16.3
5285,17.9
5286,19.7
5287,21.2
5288,23.1
5289,25.1
5290,26.9
5291,27.9
5292,29.1
5293,29.1
5294,28.9
5295,28.4
5296,28.1
5297,26.7
5298,24.8
5299,25.0
5300,24.0
5301,22.7
5302,22.2
5303,21.7
5304,21.1
5305,20.8
5306,20.6
5307,21.0
5308,21.6
5309,21.3
5310,19.6
5311,19.6
5312,21.7
5313,24.9
5314,27.4
5315,29.0
5316,29.9
5317,30.6
5318,30.3
5319,29.7
5320,28.6
5321,27.2
5322,25.2
5323,23.8
5324,22.9
5325,22.2
5326,21.8
5327,20.9
5328,21.4
5329,21.4
5330,21.2
5331,20.6
5332,20.6
5333,22.2
5334,23.4
5335,26.5
5336,28.7
5337,29.6
5338,30.8
5339,31.7
5340,32.5
5341,32.9
5342,32.4
5343,32.3
5344,31.9
5345,30.9
5346,29.7
5347,28.4
5348,27.2
5349,26.2
5350,25.1
5351,23.3
5352,21.4
5353,20.5
5354,19.7
5355,19.0
5356,19.6
5357,22.0
5358,22.4
5359,22.2
5360,23.3
5361,23.4
5362,20.0
5363,18.2
5364,17.2
5365,18.3
5366,19.5
5367,19.5
5368,19.2
5369,18.7
5370,17.8
5371,17.5
5372,17.0
5373,16.1
5374,15.0
5375,14.1
5376,13.7
5377,13.0
5378,12.5
5379,12.2
5380,13.0
5381,14.5
5382,15.9
5383,17.0
5384,18.1
5385,19.0
5386,19.7
5387,21.0
5388,21.8
5389,22.2
5390,22.5
5391,21.8
5392,21.0
5393,19.5
5394,17.1
5395,15.5
5396,14.1
5397,13.3
5398,12.7
5399,12.5
5400,12.4
5401,12.4
5402,12.9
5403,13.0
5404,14.1
5405,16.2
5406,18.1
5407,19.7
5408,21.1
5409,22.3
5410,22.6
5411,23.2
5412,23.1
5413,22.9
5414,21.5
5415,21.0
5416,20.5
5417,19.3
5418,16.1
5419,13.7
5420,12.5
5421,11.6
5422,11.0
5423,10.6
5424,12.4
5425,14.4
5426,13.9
5427,13.1
5428,14.0
5429,16.1
5430,18.3
5431,20.2
5432,21.9
5433,22.5
5434,23.4
5435,24.0
5436,24.1
5437,24.2
5438,23.4
5439,23.1
5440,22.7
5441,21.7
5442,20.5
5443,19.2
5444,17.6
5445,17.1
5446,16.2
5447,15.2
5448,14.3
5449,13.6
5450,13.7
5451,13.8
5452,14.5
5453,16.9
5454,19.3
5455,22.1
5456,24.6
5457,25.9
5458,26.8
5459,27.2
5460,28.1
5461,28.2
5462,27.0
5463,26.5
5464,26.2
5465,24.2
5466,20.9
5467,20.7
5468,19.7
5469,19.3
5470,19.1
5471,18.7
5472,18.4
5473,18.0
5474,17.6
5475,16.9
5476,16.6
5477,16.5
5478,16.9
5479,17.3
5480,18.1
5481,19.2
5482,20.4
5483,21.1
5484,22.1
5485,23.5
5486,23.0
5487,22.8
5488,22.2
5489,20.5
5490,18.6
5491,17.2
5492,16.2
5493,15.8
5494,15.7
5495,15.4
5496,15.3
5497,15.6
5498,15.3
5499,15.3
5500,16.5
5501,18.1
5502,21.3
5503,24.7
5504,25.8
5505,25.5
5506,25.9
5507,28.1
5508,29.2
5509,29.5
5510,28.9
5511,28.7
5512,28.1
5513,26.6
5514,25.2
5515,24.1
5516,23.7
5517,22.0
5518,20.9
5519,20.4
5520,19.9
5521,19.5
5522,19.0
5523,19.2
5524,19.7
5525,20.9
5526,23.9
5527,26.5
5528,28.2
5529,27.8
5530,25.8
5531,22.2
5532,18.8
5533,18.2
5534,18.4
5535,18.2
5536,17.4
5537,16.3
5538,15.9
5539,15.7
5540,15.5
5541,15.4
5542,15.3
5543,15.2
5544,15.1
5545,14.8
5546,14.5
5547,14.5
5548,15.2
5549,15.6
5550,16.1
5551,16.5
5552,16.5
5553,16.1
5554,15.7
5555,15.7
5556,16.4
5557,16.8
5558,16.5
5559,16.1
5560,15.9
5561,15.6
5562,15.6
5563,15.4
5564,15.2
5565,14.7
5566,14.3
5567,14.0
5568,13.8
5569,13.3
5570,11.9
5571,11.2
5572,11.9
5573,13.2
5574,15.4
5575,17.9
5576,19.4
5577,18.2
5578,15.5
5579,15.9
5580,18.2
5581,18.0
5582,17.5
5583,17.0
5584,16.8
5585,14.9
5586,12.9
5587,12.8
5588,13.1
5589,13.0
5590,12.3
5591,12.3
5592,12.7
5593,13.0
5594,13.1
5595,13.3
5596,13.5
5597,14.1
5598,15.4
5599,15.7
5600,17.5
5601,19.5
5602,18.8
5603,17.1
5604,16.0
5605,15.7
5606,14.6
5607,14.8
5608,14.7
5609,14.2
5610,13.8
5611,13.3
5612,12.6
5613,12.5
5614,12.3
5615,12.0
5616,11.7
5617,11.2
5618,11.1
5619,11.2
5620,11.6
5621,11.8
5622,12.3
5623,12.7
5624,13.8
5625,16.2
5626,17.3
5627,18.9
5628,20.0
5629,19.1
5630,16.2
5631,15.8
5632,15.5
5633,14.6
5634,14.1
5635,12.8
5636,12.8
5637,12.8
5638,12.3
5639,11.2
5640,11.1
5641,10.9
5642,10.4
5643,10.1
5644,10.1
5645,12.3
5646,15.8
5647,18.2
5648,20.1
5649,21.1
5650,22.0
5651,21.7
5652,21.4
5653,21.5
5654,20.6
5655,20.1
5656,19.1
5657,17.2
5658,14.5
5659,13.1
5660,12.1
5661,11.8
5662,11.5
5663,12.3
5664,12.9
5665,12.5
5666,12.3
5667,12.4
5668,12.7
5669,15.0
5670,17.7
5671,20.7
5672,22.6
5673,23.5
5674,24.0
5675,23.7
5676,24.4
5677,23.6
5678,23.1
5679,22.3
5680,20.4
5681,19.0
5682,17.7
5683,16.3
5684,14.9
5685,13.9
5686,13.0
5687,12.5
5688,12.2
5689,11.9
5690,12.3
5691,12.3
5692,12.7
5693,15.5
5694,19.2
5695,21.3
5696,22.4
5697,22.9
5698,23.5
5699,24.5
5700,24.7
5701,24.3
5702,23.3
5703,22.6
5704,21.9
5705,19.5
5706,18.8
5707,17.5
5708,16.6
5709,17.1
5710,16.7
5711,16.3
5712,15.9
5713,15.2
5714,15.0
5715,14.7
5716,14.8
5717,16.5
5718,19.1
5719,21.0
5720,22.9
5721,25.6
5722,26.1
5723,25.7
5724,25.3
5725,25.5
5726,23.9
5727,22.8
5728,21.5
5729,19.3
5730,17.1
5731,16.5
5732,15.8
5733,15.1
5734,14.3
5735,13.2
5736,12.4
5737,12.1
5738,12.3
5739,13.0
5740,13.4
5741,13.7
5742,14.1
5743,14.9
5744,15.9
5745,16.6
5746,17.3
5747,18.6
5748,20.2
5749,21.4
5750,20.0
5751,19.4
5752,18.2
5753,16.5
5754,15.1
5755,14.1
5756,13.2
5757,12.3
5758,12.0
5759,11.8
5760,10.5
5761,9.2
5762,8.7
5763,8.3
5764,9.4
5765,12.7
5766,15.5
5767,17.9
5768,19.3
5769,20.3
5770,21.1
5771,21.8
5772,21.9
5773,21.6
5774,20.4
5775,20.0
5776,19.3
5777,16.4
5778,13.5
5779,12.2
5780,11.8
5781,13.3
5782,12.5
5783,12.2
5784,11.4
5785,10.9
5786,10.5
5787,10.2
5788,10.7
5789,13.3
5790,16.1
5791,19.0
5792,21.5
5793,22.5
5794,23.1
5795,23.9
5796,24.8
5797,24.7
5798,24.1
5799,23.8
5800,23.0
5801,21.3
5802,19.7
5803,18.6
5804,17.6
5805,16.6
5806,15.8
5807,15.2
5808,14.4
5809,13.9
5810,13.1
5811,12.5
5812,13.1
5813,15.1
5814,17.2
5815,20.1
5816,22.8
5817,24.9
5818,26.5
5819,27.4
5820,28.3
5821,28.5
5822,28.0
5823,27.5
5824,26.8
5825,24.7
5826,23.0
5827,21.5
5828,20.1
5829,19.6
5830,18.1
5831,16.7
5832,15.6
5833,16.1
5834,16.7
5835,17.6
5836,18.4
5837,18.9
5838,19.1
5839,19.3
5840,18.1
5841,17.5
5842,17.0
5843,17.2
5844,17.5
5845,17.4
5846,17.4
5847,17.2
5848,16.8
5849,16.2
5850,16.1
5851,15.9
5852,15.6
5853,15.5
5854,14.8
5855,14.0
5856,13.8
5857,13.9
5858,14.0
5859,13.5
5860,13.3
5861,13.1
5862,13.2
5863,13.5
5864,13.8
5865,14.1
5866,15.2
5867,14.9
5868,14.3
5869,14.1
5870,14.1
5871,13.9
5872,13.7
5873,13.3
5874,12.2
5875,12.1
5876,11.9
5877,11.3
5878,11.3
5879,11.0
5880,11.0
5881,11.0
5882,11.2
5883,11.1
5884,11.1
5885,11.2
5886,11.7
5887,12.3
5888,12.4
5889,13.1
5890,13.5
5891,14.2
5892,15.1
5893,15.8
5894,15.7
5895,16.0
5896,15.4
5897,14.6
5898,14.0
5899,13.4
5900,13.2
5901,13.1
5902,13.0
5903,12.9
5904,12.7
5905,12.6
5906,12.5
5907,12.4
5908,12.5
5909,12.8
5910,13.0
5911,13.4
5912,13.9
5913,14.1
5914,14.2
5915,14.5
5916,14.9
5917,15.4
5918,15.3
5919,14.2
5920,13.2
5921,12.3
5922,12.4
5923,12.3
5924,12.3
5925,12.3
5926,12.3
5927,12.5
5928,12.6
5929,12.7
5930,12.7
5931,12.8
5932,13.2
5933,13.2
5934,13.1
5935,13.4
5936,13.9
5937,14.3
5938,14.7
5939,15.6
5940,16.2
5941,17.8
5942,18.1
5943,17.7
5944,16.9
5945,16.6
5946,16.6
5947,16.4
5948,16.4
5949,15.9
5950,15.5
5951,15.2
5952,15.0
5953,14.8
5954,14.4
5955,14.2
5956,14.3
5957,14.6
5958,14.7
5959,14.9
5960,15.1
5961,15.1
5962,15.3
5963,15.4
5964,15.3
5965,15.3
5966,15.1
5967,15.0
5968,15.0
5969,14.9
5970,14.7
5971,14.7
5972,14.7
5973,14.5
5974,14.6
5975,14.4
5976,14.3
5977,14.3
5978,14.5
5979,13.4
5980,12.6
5981,12.4
5982,12.6
5983,12.6
5984,12.5
5985,12.2
5986,12.4
5987,12.8
5988,13.8
5989,14.4
5990,14.5
5991,14.2
5992,13.7
5993,12.7
5994,12.6
5995,12.5
5996,12.5
5997,12.5
5998,12.1
5999,11.3
6000,11.2
6001,11.2
6002,11.8
6003,12.2
6004,12.2
6005,12.8
6006,14.4
6007,16.3
6008,17.8
6009,18.8
6010,18.8
6011,19.1
6012,18.9
6013,19.4
6014,18.6
6015,17.9
6016,16.8
6017,14.9
6018,13.4
6019,12.7
6020,12.7
6021,12.5
6022,12.7
6023,12.5
6024,12.3
6025,12.3
6026,12.4
6027,12.1
6028,11.9
6029,12.6
6030,14.0
6031,16.5
6032,19.1
6033,21.3
6034,22.6
6035,23.4
6036,23.8
6037,23.7
6038,23.2
6039,22.7
6040,21.3
6041,19.7
6042,18.5
6043,17.3
6044,17.2
6045,16.6
6046,15.6
6047,14.8
6048,14.2
6049,13.8
6050,13.3
6051,12.9
6052,13.0
6053,14.9
6054,17.8
6055,20.0
6056,22.4
6057,23.8
6058,24.3
6059,24.4
6060,23.6
6061,23.4
6062,23.1
6063,22.1
6064,20.3
6065,19.0
6066,17.9
6067,16.6
6068,16.0
6069,15.5
6070,15.1
6071,14.9
6072,14.9
6073,15.0
6074,15.1
6075,15.0
6076,15.0
6077,15.3
6078,16.0
6079,16.2
6080,17.2
6081,18.0
6082,18.8
6083,21.3
6084,22.2
6085,23.0
6086,22.9
6087,22.5
6088,21.2
6089,20.6
6090,19.9
6091,19.4
6092,19.1
6093,19.0
6094,18.7
6095,17.9
6096,16.1
6097,15.1
6098,13.8
6099,13.5
6100,13.2
6101,13.2
6102,13.8
6103,14.7
6104,15.1
6105,15.2
6106,15.3
6107,15.7
6108,15.9
6109,16.4
6110,16.4
6111,16.0
6112,15.5
6113,14.9
6114,14.3
6115,13.8
6116,13.7
6117,13.5
6118,13.4
6119,13.3
6120,13.3
6121,13.0
6122,12.9
6123,12.3
6124,11.8
6125,13.0
6126,14.7
6127,16.4
6128,17.7
6129,17.6
6130,17.7
6131,18.6
6132,18.2
6133,18.0
6134,17.6
6135,17.2
6136,16.9
6137,16.5
6138,16.0
6139,16.4
6140,16.2
6141,16.0
6142,15.8
6143,15.7
6144,15.0
6145,15.0
6146,15.3
6147,15.4
6148,15.6
6149,16.0
6150,16.6
6151,17.5
6152,17.7
6153,18.0
6154,17.3
6155,18.0
6156,18.0
6157,17.8
6158,17.8
6159,16.6
6160,15.3
6161,14.5
6162,13.6
6163,12.7
6164,11.8
6165,11.3
6166,11.2
6167,11.3
6168,11.1
6169,10.6
6170,10.2
6171,10.0
6172,10.0
6173,10.8
6174,11.5
6175,11.8
6176,12.8
6177,13.2
6178,14.2
6179,14.2
6180,14.1
6181,14.5
6182,14.6
6183,14.4
6184,13.1
6185,11.9
6186,11.2
6187,11.2
6188,11.0
6189,10.1
6190,9.3
6191,9.3
6192,9.8
6193,9.7
6194,9.2
6195,8.7
6196,8.7
6197,9.3
6198,10.7
6199,12.1
6200,13.4
6201,16.0
6202,17.0
6203,16.9
6204,16.7
6205,16.3
6206,15.8
6207,15.5
6208,14.7
6209,13.9
6210,13.3
6211,13.0
6212,12.8
6213,12.7
6214,12.5
6215,12.4
6216,12.2
6217,12.2
6218,12.2
6219,12.0
6220,11.9
6221,12.3
6222,12.7
6223,13.1
6224,13.5
6225,14.1
6226,14.6
6227,14.6
6228,14.8
6229,14.6
6230,14.0
6231,13.4
6232,13.0
6233,12.9
6234,12.7
6235,12.5
6236,12.3
6237,12.2
6238,12.0
6239,11.8
6240,11.7
6241,10.9
6242,10.6
6243,10.7
6244,10.9
6245,11.1
6246,11.1
6247,11.7
6248,12.4
6249,13.1
6250,14.3
6251,14.6
6252,15.5
6253,14.8
6254,15.2
6255,15.0
6256,13.8
6257,11.0
6258,9.0
6259,8.0
6260,7.4
6261,7.3
6262,6.8
6263,6.0
6264,5.5
6265,5.3
6266,5.4
6267,5.1
6268,4.9
6269,7.5
6270,10.6
6271,13.5
6272,16.1
6273,18.1
6274,18.2
6275,17.1
6276,17.4
6277,17.9
6278,17.2
6279,16.5
6280,15.1
6281,12.7
6282,11.7
6283,12.1
6284,12.1
6285,11.1
6286,11.5
6287,12.1
6288,12.0
6289,12.0
6290,11.9
6291,11.6
6292,11.5
6293,11.7
6294,11.6
6295,12.1
6296,11.9
6297,12.1
6298,12.2
6299,12.2
6300,12.2
6301,12.1
6302,12.1
6303,12.0
6304,11.7
6305,11.6
6306,11.4
6307,11.4
6308,11.4
6309,11.4
6310,11.5
6311,11.5
6312,11.5
6313,11.3
6314,10.8
6315,10.5
6316,10.4
6317,10.4
6318,10.3
6319,10.4
6320,10.7
6321,11.0
6322,11.4
6323,11.6
6324,11.8
6325,11.7
6326,11.8
6327,11.7
6328,11.7
6329,11.7
6330,11.6
6331,11.5
6332,11.5
6333,11.6
6334,11.7
6335,11.7
6336,11.8
6337,11.8
6338,11.8
6339,11.9
6340,11.8
6341,12.0
6342,12.4
6343,12.8
6344,14.1
6345,15.1
6346,15.6
6347,15.6
6348,15.6
6349,15.1
6350,14.7
6351,14.1
6352,13.5
6353,13.3
6354,13.2
6355,13.0
6356,12.8
6357,12.8
6358,12.8
6359,12.9
6360,12.9
6361,13.0
6362,13.2
6363,13.4
6364,13.9
6365,14.0
6366,14.0
6367,13.9
6368,13.9
6369,13.9
6370,14.8
6371,15.7
6372,16.9
6373,17.5
6374,17.8
6375,16.9
6376,16.1
6377,15.5
6378,15.4
6379,14.7
6380,14.1
6381,13.8
6382,13.8
6383,13.9
6384,14.2
6385,14.1
6386,14.1
6387,14.0
6388,13.9
6389,13.8
6390,13.6
6391,13.7
6392,13.7
6393,14.1
6394,14.7
6395,15.0
6396,16.7
6397,17.2
6398,17.0
6399,16.5
6400,15.9
6401,15.2
6402,13.8
6403,13.4
6404,12.7
6405,12.5
6406,12.3
6407,12.1
6408,12.1
6409,12.2
6410,12.3
6411,12.2
6412,12.4
6413,12.5
6414,12.8
6415,13.8
6416,14.3
6417,14.9
6418,15.4
6419,15.4
6420,15.5
6421,15.8
6422,15.4
6423,14.9
6424,14.3
6425,13.6
6426,13.2
6427,13.5
6428,13.0
6429,12.3
6430,12.1
6431,11.8
6432,11.6
6433,11.5
6434,11.8
6435,11.9
6436,11.4
6437,11.5
6438,12.2
6439,13.5
6440,16.0
6441,17.5
6442,19.3
6443,20.1
6444,20.6
6445,20.7
6446,20.2
6447,19.2
6448,17.9
6449,16.8
6450,16.2
6451,15.4
6452,14.7
6453,13.9
6454,13.5
6455,13.2
6456,12.7
6457,12.1
6458,11.5
6459,10.8
6460,10.2
6461,10.5
6462,12.1
6463,13.7
6464,15.4
6465,17.0
6466,18.2
6467,19.0
6468,19.0
6469,18.2
6470,17.3
6471,16.6
6472,15.4
6473,14.1
6474,13.0
6475,12.4
6476,11.9
6477,11.3
6478,10.7
6479,10.4
6480,10.3
6481,9.7
6482,9.3
6483,9.1
6484,8.9
6485,9.4
6486,11.1
6487,13.1
6488,15.0
6489,16.5
6490,17.3
6491,17.7
6492,17.7
6493,17.0
6494,16.3
6495,15.4
6496,14.1
6497,13.0
6498,12.0
6499,11.1
6500,9.9
6501,9.0
6502,8.5
6503,7.9
6504,7.3
6505,6.8
6506,6.4
6507,6.3
6508,5.9
6509,6.7
6510,8.7
6511,10.8
6512,12.9
6513,13.7
6514,14.6
6515,15.4
6516,15.8
6517,15.5
6518,15.4
6519,14.6
6520,13.3
6521,12.3
6522,11.8
6523,11.1
6524,10.4
6525,9.5
6526,8.6
6527,7.7
6528,7.1
6529,6.6
6530,6.0
6531,5.5
6532,5.1
6533,5.8
6534,8.1
6535,10.5
6536,12.6
6537,14.0
6538,15.0
6539,15.6
6540,15.8
6541,15.4
6542,15.1
6543,14.2
6544,12.7
6545,11.6
6546,10.6
6547,9.6
6548,8.8
6549,8.3
6550,7.6
6551,6.9
6552,6.3
6553,5.9
6554,5.5
6555,5.0
6556,4.4
6557,4.7
6558,6.2
6559,8.2
6560,10.1
6561,11.9
6562,13.5
6563,14.6
6564,15.2
6565,14.7
6566,14.3
6567,13.4
6568,11.8
6569,10.7
6570,9.7
6571,8.5
6572,7.6
6573,6.9
6574,6.1
6575,5.7
6576,5.1
6577,4.5
6578,4.0
6579,3.5
6580,3.2
6581,3.7
6582,5.6
6583,8.2
6584,11.2
6585,13.3
6586,15.4
6587,16.4
6588,17.2
6589,16.7
6590,15.8
6591,14.4
6592,13.1
6593,12.4
6594,11.8
6595,11.1
6596,10.9
6597,11.0
6598,11.1
6599,10.7
6600,10.5
6601,10.2
6602,9.5
6603,9.6
6604,9.7
6605,9.7
6606,9.7
6607,10.1
6608,10.5
6609,11.0
6610,11.6
6611,11.8
6612,11.9
6613,12.1
6614,11.9
6615,11.8
6616,11.7
6617,11.7
6618,11.6
6619,11.5
6620,11.4
6621,11.3
6622,10.7
6623,10.2
6624,9.7
6625,9.4
6626,9.6
6627,9.7
6628,9.7
6629,9.9
6630,10.3
6631,10.9
6632,11.4
6633,12.7
6634,13.8
6635,14.0
6636,14.0
6637,13.5
6638,12.8
6639,11.5
6640,10.3
6641,10.5
6642,10.8
6643,11.2
6644,11.5
6645,11.6
6646,11.5
6647,10.8
6648,9.8
6649,9.5
6650,7.8
6651,7.0
6652,7.0
6653,7.1
6654,7.3
6655,7.7
6656,8.3
6657,9.4
6658,10.0
6659,10.1
6660,10.3
6661,10.1
6662,9.9
6663,9.7
6664,9.6
6665,9.8
6666,10.4
6667,11.1
6668,10.0
6669,8.7
6670,8.4
6671,8.3
6672,7.9
6673,7.7
6674,8.3
6675,8.5
6676,8.6
6677,8.7
6678,8.9
6679,9.6
6680,10.5
6681,11.2
6682,11.9
6683,11.7
6684,10.6
6685,10.3
6686,10.3
6687,10.0
6688,8.9
6689,8.1
6690,7.6
6691,7.3
6692,7.2
6693,7.2
6694,7.5
6695,7.6
6696,7.5
6697,7.5
6698,7.6
6699,8.1
6700,8.4
6701,8.4
6702,8.8
6703,9.5
6704,10.1
6705,10.4
6706,10.4
6707,11.3
6708,11.4
6709,11.6
6710,11.1
6711,10.3
6712,9.3
6713,9.6
6714,9.4
6715,9.4
6716,9.6
6717,9.1
6718,9.2
6719,8.9
6720,8.8
6721,8.8
6722,8.6
6723,8.7
6724,8.5
6725,8.3
6726,8.5
6727,8.9
6728,9.5
6729,10.0
6730,10.8
6731,13.0
6732,12.4
6733,11.1
6734,10.7
6735,9.6
6736,8.5
6737,6.4
6738,5.9
6739,6.5
6740,6.6
6741,5.5
6742,4.8
6743,4.3
6744,4.3
6745,4.3
6746,4.8
6747,5.4
6748,5.6
6749,5.8
6750,6.4
6751,7.3
6752,8.1
6753,9.2
6754,10.5
6755,11.0
6756,11.4
6757,11.2
6758,10.6
6759,10.4
6760,10.0
6761,9.7
6762,9.4
6763,9.1
6764,8.9
6765,8.5
6766,8.2
6767,7.7
6768,7.3
6769,7.0
6770,6.8
6771,6.8
6772,6.8
6773,6.9
6774,7.2
6775,7.5
6776,8.0
6777,9.7
6778,10.9
6779,10.3
6780,10.1
6781,10.5
6782,10.6
6783,9.8
6784,6.6
6785,4.8
6786,5.2
6787,7.1
6788,7.9
6789,8.9
6790,9.7
6791,10.4
6792,11.1
6793,11.5
6794,11.6
6795,11.3
6796,11.5
6797,11.8
6798,12.1
6799,12.4
6800,12.8
6801,13.1
6802,13.0
6803,13.2
6804,13.6
6805,14.1
6806,13.8
6807,13.5
6808,13.1
6809,13.3
6810,13.2
6811,13.3
6812,13.2
6813,12.9
6814,12.8
6815,12.8
6816,12.8
6817,12.7
6818,12.8
6819,12.7
6820,12.6
6821,12.6
6822,13.0
6823,13.6
6824,14.0
6825,15.6
6826,17.3
6827,17.0
6828,16.4
6829,14.6
6830,14.2
6831,14.1
6832,13.7
6833,13.4
6834,12.6
6835,11.8
6836,10.7
6837,10.5
6838,11.0
6839,10.8
6840,10.6
6841,10.5
6842,10.1
6843,9.4
6844,9.6
6845,9.6
6846,10.6
6847,11.4
6848,12.6
6849,13.0
6850,13.4
6851,13.4
6852,13.3
6853,13.2
6854,12.6
6855,12.0
6856,11.1
6857,10.2
6858,10.0
6859,8.8
6860,7.9
6861,6.8
6862,5.8
6863,5.8
6864,6.3
6865,6.4
6866,7.1
6867,7.7
6868,7.6
6869,7.6
6870,9.5
6871,12.2
6872,13.2
6873,13.4
6874,14.0
6875,14.3
6876,14.9
6877,15.3
6878,15.3
6879,15.4
6880,15.5
6881,15.5
6882,15.5
6883,15.5
6884,15.6
6885,15.5
6886,15.3
6887,15.0
6888,14.8
6889,14.7
6890,14.6
6891,14.6
6892,14.7
6893,14.7
6894,14.6
6895,14.8
6896,15.7
6897,17.3
6898,17.1
6899,17.2
6900,16.8
6901,16.6
6902,16.4
6903,15.8
6904,14.6
6905,13.6
6906,12.2
6907,11.0
6908,9.5
6909,8.8
6910,8.0
6911,7.5
6912,7.1
6913,7.0
6914,7.1
6915,8.2
6916,8.3
6917,8.9
6918,11.5
6919,14.5
6920,18.7
6921,20.8
6922,22.0
6923,22.3
6924,22.4
6925,21.2
6926,20.1
6927,18.3
6928,14.6
6929,12.6
6930,14.1
6931,14.2
6932,13.2
6933,12.5
6934,11.3
6935,10.3
6936,10.0
6937,9.7
6938,9.7
6939,8.9
6940,8.4
6941,8.3
6942,10.5
6943,14.1
6944,18.0
6945,20.1
6946,21.7
6947,22.6
6948,22.6
6949,21.3
6950,19.8
6951,18.1
6952,15.3
6953,13.7
6954,13.0
6955,12.2
6956,11.5
6957,10.9
6958,10.4
6959,10.2
6960,9.5
6961,8.9
6962,8.2
6963,8.0
6964,7.8
6965,7.8
6966,10.2
6967,14.4
6968,18.4
6969,19.5
6970,20.6
6971,20.2
6972,20.9
6973,19.4
6974,18.3
6975,15.8
6976,13.6
6977,12.1
6978,11.5
6979,10.9
6980,10.9
6981,12.3
6982,11.3
6983,12.1
6984,12.0
6985,11.3
6986,10.5
6987,9.9
6988,9.5
6989,9.4
6990,10.4
6991,11.9
6992,14.6
6993,17.0
6994,16.4
6995,17.4
6996,16.9
6997,16.3
6998,15.5
6999,14.4
7000,13.4
7001,12.9
7002,12.6
7003,12.2
7004,10.8
7005,9.1
7006,9.6
7007,8.6
7008,8.1
7009,8.8
7010,9.3
7011,9.3
7012,8.1
7013,7.4
7014,8.7
7015,10.5
7016,12.7
7017,14.0
7018,14.2
7019,15.1
7020,14.9
7021,14.3
7022,13.6
7023,12.7
7024,12.2
7025,11.9
7026,11.9
7027,12.0
7028,12.1
7029,12.1
7030,12.0
7031,11.9
7032,11.8
7033,11.3
7034,11.1
7035,10.9
7036,10.8
7037,10.8
7038,10.7
7039,10.8
7040,10.9
7041,11.6
7042,11.9
7043,12.6
7044,12.8
7045,12.5
7046,12.5
7047,12.1
7048,11.4
7049,10.6
7050,10.6
7051,10.5
7052,10.5
7053,10.4
7054,10.5
7055,10.6
7056,10.9
7057,10.9
7058,10.9
7059,10.9
7060,10.4
7061,9.4
7062,8.7
7063,8.2
7064,8.0
7065,8.0
7066,8.0
7067,8.1
7068,8.2
7069,8.0
7070,7.7
7071,7.7
7072,7.7
7073,7.8
7074,7.8
7075,7.7
7076,7.8
7077,7.9
7078,7.9
7079,8.0
7080,8.1
7081,8.1
7082,8.1
7083,8.2
7084,8.2
7085,8.2
7086,8.1
7087,8.3
7088,8.7
7089,8.5
7090,8.5
7091,8.8
7092,8.5
7093,8.2
7094,7.8
7095,7.4
7096,7.1
7097,6.8
7098,6.5
7099,6.3
7100,6.2
7101,5.9
7102,5.7
7103,5.8
7104,5.6
7105,5.6
7106,5.4
7107,5.4
7108,5.3
7109,5.1
7110,5.3
7111,5.5
7112,5.9
7113,6.4
7114,6.6
7115,6.5
7116,6.4
7117,6.5
7118,6.2
7119,6.2
7120,6.1
7121,6.0
7122,5.9
7123,5.8
7124,5.8
7125,5.6
7126,5.5
7127,5.3
7128,5.2
7129,5.1
7130,5.0
7131,4.9
7132,4.8
7133,4.9
7134,5.1
7135,5.3
7136,5.4
7137,5.8
7138,6.3
7139,6.4
7140,6.5
7141,6.5
7142,6.7
7143,6.9
7144,7.3
7145,8.4
7146,9.8
7147,11.3
7148,12.2
7149,12.6
7150,12.7
7151,11.9
7152,10.5
7153,9.9
7154,10.1
7155,10.3
7156,9.6
7157,9.6
7158,10.0
7159,10.6
7160,12.0
7161,12.5
7162,12.5
7163,12.6
7164,12.3
7165,12.1
7166,11.5
7167,11.2
7168,10.9
7169,10.7
7170,10.5
7171,10.5
7172,10.5
7173,10.3
7174,10.3
7175,10.3
7176,10.4
7177,10.3
7178,10.0
7179,9.6
7180,9.5
7181,9.6
7182,9.9
7183,10.3
7184,10.8
7185,10.8
7186,9.6
7187,10.5
7188,11.0
7189,10.9
7190,9.1
7191,8.2
7192,8.3
7193,8.4
7194,8.1
7195,7.2
7196,6.2
7197,6.6
7198,6.5
7199,6.0
7200,5.5
7201,5.7
7202,5.5
7203,5.7
7204,6.0
7205,6.3
7206,6.5
7207,7.0
7208,7.4
7209,7.7
7210,8.1
7211,8.3
7212,8.4
7213,8.7
7214,8.7
7215,8.3
7216,8.3
7217,8.3
7218,8.4
7219,8.4
7220,8.1
7221,7.9
7222,7.9
7223,8.1
7224,8.1
7225,7.7
7226,7.5
7227,7.4
7228,7.3
7229,7.5
7230,7.4
7231,7.2
7232,7.2
7233,7.0
7234,6.1
7235,5.8
7236,5.7
7237,5.9
7238,6.3
7239,5.9
7240,5.1
7241,4.1
7242,4.1
7243,4.0
7244,4.1
7245,3.6
7246,3.3
7247,3.4
7248,3.4
7249,3.5
7250,3.3
7251,3.6
7252,3.8
7253,3.9
7254,3.9
7255,4.2
7256,4.9
7257,5.6
7258,5.8
7259,5.8
7260,5.2
7261,3.7
7262,3.6
7263,3.3
7264,3.2
7265,3.1
7266,2.8
7267,2.2
7268,1.6
7269,1.0
7270,0.9
7271,0.6
7272,0.4
7273,0.6
7274,0.5
7275,0.1
7276,0.0
7277,0.7
7278,1.7
7279,3.4
7280,5.2
7281,5.5
7282,5.5
7283,6.0
7284,6.4
7285,5.7
7286,4.9
7287,3.9
7288,2.3
7289,2.2
7290,2.6
7291,2.7
7292,2.9
7293,3.4
7294,4.0
7295,4.4
7296,4.4
7297,4.6
7298,4.9
7299,5.3
7300,5.6
7301,5.9
7302,6.2
7303,6.6
7304,6.9
7305,7.3
7306,7.8
7307,8.0
7308,7.9
7309,7.6
7310,7.4
7311,7.5
7312,7.4
7313,7.3
7314,7.5
7315,7.8
7316,8.1
7317,8.5
7318,8.9
7319,9.1
7320,9.4
7321,9.5
7322,9.5
7323,9.5
7324,9.4
7325,9.5
7326,9.6
7327,9.7
7328,9.5
7329,9.5
7330,9.7
7331,9.5
7332,9.4
7333,9.2
7334,9.1
7335,8.9
7336,8.7
7337,8.7
7338,8.7
7339,8.7
7340,8.7
7341,8.6
7342,8.6
7343,8.5
7344,8.5
7345,8.3
7346,8.1
7347,8.1
7348,8.1
7349,8.2
7350,8.3
7351,8.6
7352,8.8
7353,9.5
7354,10.5
7355,10.6
7356,10.1
7357,9.8
7358,9.4
7359,9.0
7360,8.8
7361,8.6
7362,8.5
7363,8.5
7364,8.7
7365,8.7
7366,8.6
7367,8.4
7368,8.3
7369,8.2
7370,8.1
7371,8.0
7372,8.0
7373,8.0
7374,7.8
7375,7.9
7376,8.6
7377,9.5
7378,10.5
7379,11.5
7380,11.7
7381,11.0
7382,10.2
7383,9.0
7384,8.2
7385,7.8
7386,7.3
7387,6.9
7388,6.5
7389,6.1
7390,6.0
7391,6.0
7392,5.7
7393,5.4
7394,5.2
7395,5.1
7396,5.1
7397,4.7
7398,4.5
7399,5.6
7400,7.0
7401,9.6
7402,11.2
7403,12.3
7404,12.7
7405,11.7
7406,10.9
7407,9.5
7408,9.1
7409,8.7
7410,8.7
7411,8.5
7412,8.2
7413,7.8
7414,7.4
7415,7.0
7416,7.4
7417,6.8
7418,6.2
7419,6.5
7420,7.3
7421,7.6
7422,8.2
7423,9.2
7424,10.0
7425,12.0
7426,13.4
7427,14.0
7428,13.3
7429,12.1
7430,10.7
7431,10.0
7432,9.6
7433,9.4
7434,9.5
7435,9.4
7436,9.2
7437,9.1
7438,8.8
7439,8.7
7440,8.5
7441,8.5
7442,8.3
7443,8.1
7444,8.1
7445,8.2
7446,8.3
7447,8.5
7448,8.7
7449,9.0
7450,9.1
7451,9.2
7452,9.0
7453,8.8
7454,8.7
7455,8.5
7456,8.1
7457,7.6
7458,7.5
7459,7.6
7460,7.4
7461,7.4
7462,7.3
7463,7.1
7464,6.7
7465,6.4
7466,5.9
7467,5.6
7468,5.5
7469,5.5
7470,5.3
7471,4.9
7472,4.9
7473,4.7
7474,4.7
7475,4.7
7476,4.6
7477,4.4
7478,4.1
7479,4.3
7480,4.5
7481,4.7
7482,4.8
7483,4.8
7484,4.7
7485,4.8
7486,4.8
7487,4.7
7488,4.6
7489,4.6
7490,4.7
7491,4.8
7492,4.8
7493,4.9
7494,5.1
7495,5.4
7496,5.6
7497,5.8
7498,6.0
7499,6.3
7500,6.5
7501,6.5
7502,6.4
7503,6.3
7504,6.4
7505,6.3
7506,6.0
7507,5.9
7508,5.9
7509,6.1
7510,5.7
7511,5.4
7512,5.2
7513,5.2
7514,5.3
7515,5.5
7516,5.9
7517,6.1
7518,6.2
7519,6.6
7520,7.8
7521,8.6
7522,8.7
7523,8.8
7524,8.9
7525,8.7
7526,8.4
7527,8.1
7528,7.4
7529,7.0
7530,6.8
7531,6.7
7532,6.6
7533,6.6
7534,6.5
7535,6.2
7536,5.8
7537,5.7
7538,5.5
7539,5.1
7540,4.7
7541,4.4
7542,3.8
7543,3.5
7544,4.9
7545,6.2
7546,5.9
7547,6.5
7548,6.5
7549,6.1
7550,5.7
7551,3.7
7552,3.5
7553,3.4
7554,3.4
7555,3.9
7556,3.8
7557,3.9
7558,4.0
7559,4.0
7560,4.0
7561,3.9
7562,3.6
7563,3.4
7564,3.4
7565,3.4
7566,3.2
7567,3.4
7568,3.7
7569,4.1
7570,4.7
7571,4.9
7572,5.3
7573,5.1
7574,4.8
7575,3.8
7576,2.4
7577,2.0
7578,1.5
7579,1.5
7580,1.5
7581,1.8
7582,2.5
7583,3.0
7584,2.8
7585,2.5
7586,2.5
7587,2.4
7588,2.5
7589,2.4
7590,2.5
7591,2.6
7592,2.5
7593,2.6
7594,2.9
7595,3.0
7596,2.9
7597,2.5
7598,2.2
7599,2.3
7600,2.5
7601,2.6
7602,2.5
7603,2.1
7604,2.7
7605,3.1
7606,3.3
7607,3.4
7608,3.3
7609,3.3
7610,3.3
7611,3.2
7612,3.1
7613,3.0
7614,2.8
7615,2.9
7616,3.3
7617,4.3
7618,4.3
7619,4.6
7620,4.8
7621,4.5
7622,4.1
7623,3.9
7624,3.7
7625,3.4
7626,3.1
7627,2.9
7628,3.2
7629,3.4
7630,3.6
7631,3.6
7632,3.6
7633,4.1
7634,4.4
7635,4.6
7636,4.8
7637,4.8
7638,5.0
7639,5.3
7640,5.9
7641,6.6
7642,7.1
7643,7.5
7644,7.4
7645,7.0
7646,6.6
7647,6.0
7648,5.8
7649,5.7
7650,5.3
7651,4.4
7652,4.2
7653,4.5
7654,4.6
7655,4.2
7656,4.1
7657,4.3
7658,4.5
7659,4.8
7660,4.9
7661,5.0
7662,5.2
7663,5.3
7664,5.6
7665,5.9
7666,6.4
7667,6.8
7668,6.8
7669,7.0
7670,6.7
7671,6.3
7672,5.9
7673,5.7
7674,5.8
7675,5.7
7676,5.7
7677,5.6
7678,5.4
7679,5.3
7680,5.0
7681,4.8
7682,4.4
7683,3.8
7684,3.2
7685,2.8
7686,2.5
7687,2.6
7688,4.1
7689,5.5
7690,5.8
7691,6.4
7692,6.6
7693,6.8
7694,6.1
7695,5.4
7696,5.3
7697,5.3
7698,5.3
7699,5.0
7700,4.5
7701,3.8
7702,3.1
7703,2.5
7704,2.4
7705,2.3
7706,2.2
7707,2.3
7708,2.2
7709,2.2
7710,2.1
7711,2.1
7712,2.4
7713,3.4
7714,4.8
7715,5.6
7716,5.5
7717,5.1
7718,4.4
7719,3.9
7720,3.7
7721,3.5
7722,3.4
7723,3.3
7724,3.7
7725,3.7
7726,3.7
7727,2.6
7728,2.4
7729,2.5
7730,2.6
7731,2.8
7732,3.0
7733,3.1
7734,3.3
7735,3.7
7736,3.9
7737,4.0
7738,4.1
7739,4.4
7740,5.0
7741,5.2
7742,5.0
7743,5.0
7744,4.6
7745,3.9
7746,3.3
7747,3.2
7748,3.4
7749,2.5
7750,1.4
7751,1.2
7752,1.4
7753,1.5
7754,1.7
7755,1.9
7756,1.8
7757,1.2
7758,0.2
7759,1.2
7760,2.0
7761,2.6
7762,3.1
7763,2.8
7764,2.7
7765,2.9
7766,2.7
7767,2.5
7768,1.9
7769,1.7
7770,1.8
7771,2.1
7772,2.1
7773,1.8
7774,0.9
7775,-0.1
7776,-0.8
7777,-1.3
7778,-1.8
7779,-2.5
7780,-1.6
7781,-1.1
7782,-1.1
7783,-0.6
7784,0.1
7785,1.0
7786,1.7
7787,2.5
7788,2.6
7789,2.4
7790,1.9
7791,1.9
7792,1.8
7793,1.5
7794,1.5
7795,1.4
7796,1.4
7797,1.1
7798,1.2
7799,1.5
7800,1.6
7801,1.4
7802,1.3
7803,0.6
7804,0.3
7805,0.4
7806,0.6
7807,1.2
7808,1.7
7809,2.0
7810,2.1
7811,1.9
7812,2.0
7813,2.1
7814,2.1
7815,2.1
7816,2.2
7817,2.3
7818,2.5
7819,2.7
7820,2.9
7821,3.1
7822,3.3
7823,3.6
7824,3.8
7825,4.1
7826,4.4
7827,4.7
7828,4.6
7829,4.6
7830,4.5
7831,5.4
7832,6.4
7833,6.6
7834,8.2
7835,8.8
7836,9.1
7837,8.2
7838,7.0
7839,6.1
7840,5.5
7841,5.2
7842,4.7
7843,4.2
7844,4.1
7845,4.3
7846,3.8
7847,2.8
7848,2.4
7849,2.1
7850,1.8
7851,1.5
7852,2.4
7853,2.8
7854,2.4
7855,4.8
7856,5.9
7857,8.0
7858,9.5
7859,10.6
7860,10.1
7861,9.2
7862,8.9
7863,8.6
7864,8.6
7865,8.3
7866,8.4
7867,8.9
7868,8.5
7869,8.1
7870,8.2
7871,8.5
7872,8.1
7873,7.6
7874,7.2
7875,7.0
7876,6.6
7877,6.3
7878,6.1
7879,6.4
7880,7.0
7881,8.4
7882,9.7
7883,10.6
7884,10.2
7885,9.8
7886,9.4
7887,9.1
7888,8.8
7889,8.6
7890,8.3
7891,8.0
7892,8.2
7893,7.6
7894,7.1
7895,7.0
7896,6.7
7897,5.4
7898,4.6
7899,4.0
7900,3.9
7901,3.8
7902,3.9
7903,4.1
7904,4.2
7905,4.4
7906,4.3
7907,4.2
7908,4.4
7909,4.0
7910,3.6
7911,3.0
7912,3.3
7913,3.1
7914,2.7
7915,2.5
7916,1.9
7917,1.7
7918,1.5
7919,0.7
7920,-0.5
7921,-1.1
7922,-2.0
7923,-2.0
7924,-2.3
7925,-1.2
7926,-0.6
7927,0.5
7928,1.9
7929,3.1
7930,3.7
7931,4.0
7932,4.0
7933,4.0
7934,3.3
7935,1.7
7936,1.6
7937,0.9
7938,0.0
7939,-0.5
7940,-0.6
7941,-0.4
7942,-0.5
7943,-0.7
7944,-0.9
7945,-1.0
7946,-0.6
7947,-0.3
7948,-0.2
7949,0.2
7950,0.6
7951,0.8
7952,1.2
7953,1.9
7954,2.6
7955,3.1
7956,3.5
7957,3.5
7958,3.2
7959,2.7
7960,2.4
7961,2.8
7962,2.6
7963,2.7
7964,2.3
7965,2.2
7966,2.3
7967,2.5
7968,2.5
7969,2.5
7970,2.5
7971,2.3
7972,2.1
7973,1.8
7974,1.8
7975,1.8
7976,1.9
7977,1.8
7978,1.1
7979,0.5
7980,0.4
7981,0.5
7982,0.5
7983,0.5
7984,0.5
7985,0.6
7986,0.7
7987,0.5
7988,0.4
7989,0.6
7990,0.7
7991,0.7
7992,0.8
7993,0.7
7994,0.8
7995,0.7
7996,0.6
7997,0.2
7998,0.1
7999,0.1
8000,0.2
8001,0.3
8002,0.3
8003,0.3
8004,0.3
8005,0.2
8006,0.2
8007,0.2
8008,0.2
8009,0.2
8010,0.2
8011,0.2
8012,0.0
8013,0.0
8014,0.0
8015,0.0
8016,0.0
8017,0.0
8018,0.0
8019,0.0
8020,0.1
8021,0.2
8022,0.3
8023,0.3
8024,0.5
8025,0.7
8026,0.8
8027,0.9
8028,0.9
8029,0.9
8030,0.9
8031,0.9
8032,0.9
8033,0.9
8034,0.9
8035,0.9
8036,1.0
8037,1.0
8038,1.0
8039,1.0
8040,1.1
8041,1.1
8042,1.1
8043,1.1
8044,1.2
8045,1.1
8046,1.1
8047,1.3
8048,1.6
8049,2.2
8050,2.4
8051,2.2
8052,2.2
8053,2.0
8054,1.7
8055,1.4
8056,1.2
8057,1.2
8058,1.2
8059,1.1
8060,1.1
8061,1.0
8062,1.0
8063,0.8
8064,0.7
8065,0.7
8066,0.6
8067,0.5
8068,0.5
8069,0.4
8070,0.4
8071,0.4
8072,0.6
8073,0.8
8074,1.1
8075,1.5
8076,1.5
8077,1.3
8078,1.1
8079,0.8
8080,0.6
8081,-0.2
8082,-0.3
8083,-0.7
8084,-1.6
8085,-2.1
8086,-2.5
8087,-2.5
8088,-2.4
8089,-2.2
8090,-1.9
8091,-1.6
8092,-1.5
8093,-1.2
8094,-0.8
8095,-0.3
8096,0.2
8097,0.5
8098,0.6
8099,0.8
8100,0.8
8101,1.0
8102,1.1
8103,1.3
8104,1.3
8105,1.3
8106,1.4
8107,1.4
8108,1.4
8109,1.1
8110,1.4
8111,1.3
8112,0.4
8113,0.2
8114,0.8
8115,1.3
8116,1.4
8117,1.4
8118,1.3
8119,1.3
8120,1.4
8121,1.2
8122,1.6
8123,2.0
8124,2.0
8125,2.2
8126,1.8
8127,1.7
8128,2.3
8129,3.2
8130,4.4
8131,5.1
8132,5.4
8133,5.6
8134,5.7
8135,5.8
8136,5.8
8137,5.8
8138,5.8
8139,5.7
8140,5.7
8141,5.6
8142,5.6
8143,5.6
8144,5.6
8145,5.6
8146,5.5
8147,5.5
8148,5.4
8149,5.2
8150,5.1
8151,5.0
8152,4.9
8153,4.8
8154,4.7
8155,4.8
8156,4.9
8157,4.9
8158,4.9
8159,5.0
8160,5.0
8161,5.0
8162,4.9
8163,4.9
8164,4.9
8165,5.0
8166,5.1
8167,5.2
8168,5.5
8169,5.6
8170,5.8
8171,5.8
8172,5.7
8173,5.3
8174,4.8
8175,3.0
8176,2.0
8177,1.5
8178,1.6
8179,1.3
8180,2.0
8181,2.5
8182,2.5
8183,1.9
8184,1.6
8185,2.4
8186,2.7
8187,3.0
8188,3.0
8189,3.3
8190,3.5
8191,4.0
8192,4.7
8193,4.6
8194,4.9
8195,5.3
8196,5.4
8197,5.5
8198,5.1
8199,4.8
8200,4.4
8201,4.4
8202,4.7
8203,3.9
8204,3.1
8205,2.6
8206,2.2
8207,1.5
8208,0.6
8209,0.4
8210,0.2
8211,0.0
8212,0.1
8213,-0.7
8214,-1.1
8215,-0.9
8216,0.6
8217,1.0
8218,1.2
8219,1.5
8220,1.7
8221,1.0
8222,0.5
8223,-0.5
8224,-0.4
8225,-0.9
8226,-1.0
8227,-0.6
8228,0.0
8229,0.3
8230,0.6
8231,0.6
8232,0.8
8233,0.8
8234,0.8
8235,0.8
8236,1.0
8237,0.9
8238,1.0
8239,0.9
8240,1.2
8241,1.8
8242,2.4
8243,2.2
8244,1.5
8245,1.2
8246,0.7
8247,-0.1
8248,-0.4
8249,-0.3
8250,-0.5
8251,-0.4
8252,-0.2
8253,-0.1
8254,-1.0
8255,-0.9
8256,-0.4
8257,0.4
8258,1.0
8259,1.6
8260,1.9
8261,2.4
8262,3.1
8263,3.2
8264,3.2
8265,3.7
8266,4.9
8267,6.1
8268,5.8
8269,5.5
8270,4.6
8271,4.1
8272,3.8
8273,3.6
8274,3.7
8275,4.3
8276,5.1
8277,5.6
8278,6.0
8279,6.2
8280,6.0
8281,6.1
8282,6.4
8283,6.7
8284,6.7
8285,6.9
8286,6.9
8287,7.2
8288,8.0
8289,8.6
8290,9.2
8291,10.1
8292,10.6
8293,9.6
8294,9.1
8295,8.8
8296,6.6
8297,4.7
8298,4.4
8299,4.3
8300,4.4
8301,4.4
8302,4.4
8303,4.3
8304,4.0
8305,3.5
8306,3.0
8307,2.4
8308,1.5
8309,0.4
8310,0.7
8311,1.2
8312,1.8
8313,3.2
8314,3.5
8315,2.9
8316,2.4
8317,2.3
8318,1.5
8319,0.1
8320,-0.2
8321,-0.5
8322,-0.9
8323,-0.9
8324,-1.3
8325,-1.6
8326,-1.7
8327,-2.0
8328,-1.9
8329,-1.6
8330,-1.5
8331,-1.1
8332,-0.7
8333,-0.4
8334,0.0
8335,0.5
8336,0.1
8337,0.6
8338,1.4
8339,2.8
8340,3.7
8341,3.8
8342,3.8
8343,4.1
8344,3.7
8345,2.7
8346,2.2
8347,2.4
8348,2.6
8349,1.9
8350,2.1
8351,2.3
8352,1.7
8353,1.8
8354,1.1
8355,1.5
8356,1.1
8357,0.4
8358,-0.1
8359,-0.1
8360,0.6
8361,1.4
8362,1.8
8363,1.8
8364,2.1
8365,2.2
8366,2.3
8367,2.5
8368,2.4
8369,2.5
8370,3.4
8371,2.9
8372,1.8
8373,1.3
8374,1.1
8375,1.0
8376,1.0
8377,1.1
8378,1.2
8379,1.3
8380,1.3
8381,1.1
8382,1.1
8383,1.0
8384,1.2
8385,1.4
8386,1.3
8387,1.4
8388,1.6
8389,1.6
8390,1.3
8391,1.2
8392,1.1
8393,0.6
8394,0.5
8395,0.7
8396,0.9
8397,1.2
8398,1.2
8399,1.3
8400,1.2
8401,1.1
8402,0.8
8403,0.6
8404,0.5
8405,0.2
8406,0.2
8407,0.5
8408,1.1
8409,2.2
8410,2.7
8411,3.0
8412,2.9
8413,2.2
8414,1.6
8415,0.2
8416,-0.3
8417,-0.6
8418,-1.0
8419,-0.6
8420,-0.9
8421,-1.0
8422,-0.7
8423,-0.6
8424,-0.7
8425,-0.8
8426,-0.8
8427,-0.7
8428,-0.5
8429,-0.4
8430,-0.8
8431,-0.8
8432,-0.8
8433,-0.8
8434,-0.4
8435,0.2
8436,0.2
8437,-0.3
8438,-0.6
8439,-1.1
8440,-1.5
8441,-1.7
8442,-2.0
8443,-2.2
8444,-2.8
8445,-3.1
8446,-3.0
8447,-3.1
8448,-2.8
8449,-2.4
8450,-2.3
8451,-2.3
8452,-2.2
8453,-2.0
8454,-2.2
8455,-2.2
8456,-1.9
8457,-1.8
8458,-1.4
8459,-1.2
8460,-1.1
8461,-1.5
8462,-1.8
8463,-2.1
8464,-2.3
8465,-2.8
8466,-2.6
8467,-2.3
8468,-2.3
8469,-2.8
8470,-2.4
8471,-2.1
8472,-1.9
8473,-1.7
8474,-1.6
8475,-1.5
8476,-1.4
8477,-1.3
8478,-1.3
8479,-1.2
8480,-0.8
8481,-0.4
8482,-0.2
8483,0.0
8484,0.0
8485,0.1
8486,0.2
8487,0.3
8488,0.3
8489,0.2
8490,0.2
8491,0.1
8492,-0.1
8493,-0.2
8494,-0.3
8495,-0.4
8496,-1.0
8497,-1.4
8498,-1.6
8499,-1.8
8500,-1.8
8501,-1.9
8502,-2.1
8503,-1.9
8504,-1.6
8505,-1.1
8506,-0.6
8507,-0.2
8508,0.1
8509,0.3
8510,0.7
8511,1.0
8512,1.2
8513,1.5
8514,1.8
8515,2.0
8516,2.1
8517,2.2
8518,2.1
8519,2.1
8520,2.1
8521,2.1
8522,2.3
8523,2.6
8524,2.9
8525,2.9
8526,2.5
8527,2.7
8528,3.3
8529,3.5
8530,3.8
8531,4.4
8532,4.3
8533,3.8
8534,3.5
8535,3.2
8536,3.0
8537,2.8
8538,3.0
8539,3.1
8540,2.8
8541,2.7
8542,2.8
8543,2.7
8544,2.4
8545,1.4
8546,1.3
8547,1.3
8548,0.9
8549,0.6
8550,1.4
8551,2.2
8552,2.8
8553,2.9
8554,2.8
8555,2.2
8556,1.5
8557,2.0
8558,3.3
8559,3.9
8560,4.6
8561,5.1
8562,5.6
8563,6.2
8564,6.6
8565,7.1
8566,7.4
8567,7.6
8568,7.9
8569,8.4
8570,8.8
8571,8.6
8572,8.4
8573,8.2
8574,8.0
8575,7.9
8576,8.0
8577,8.2
8578,7.9
8579,8.0
8580,7.9
8581,7.7
8582,7.6
8583,7.6
8584,7.6
8585,7.7
8586,7.6
8587,7.7
8588,7.8
8589,7.9
8590,8.0
8591,8.2
8592,8.3
8593,8.2
8594,8.1
8595,8.2
8596,8.0
8597,8.6
8598,8.4
8599,7.8
8600,7.9
8601,8.3
8602,8.6
8603,8.6
8604,8.6
8605,8.6
8606,8.3
8607,8.0
8608,7.9
8609,7.9
8610,7.7
8611,7.3
8612,7.1
8613,6.7
8614,6.6
8615,6.4
8616,6.2
8617,4.8
8618,4.1
8619,3.9
8620,2.7
8621,1.8
8622,1.1
8623,1.2
8624,2.7
8625,4.8
8626,6.3
8627,7.1
8628,7.5
8629,6.5
8630,4.9
8631,3.7
8632,3.1
8633,3.3
8634,3.6
8635,3.1
8636,3.0
8637,2.9
8638,3.4
8639,3.6
8640,3.2
8641,2.5
8642,0.9
8643,-0.2
8644,-1.2
8645,-0.8
8646,-0.6
8647,-0.7
8648,0.2
8649,1.4
8650,4.1
8651,5.8
8652,6.1
8653,4.9
8654,4.0
8655,3.4
8656,3.9
8657,4.9
8658,5.3
8659,5.4
8660,5.4
8661,5.6
8662,5.8
8663,5.9
8664,5.8
8665,5.1
8666,4.7
8667,5.1
8668,5.3
8669,5.5
8670,5.8
8671,5.8
8672,6.0
8673,6.6
8674,7.6
8675,8.2
8676,8.5
8677,8.5
8678,8.2
8679,7.4
8680,7.6
8681,7.3
8682,6.8
8683,7.0
8684,6.5
8685,4.9
8686,3.7
8687,3.4
8688,3.2
8689,2.9
8690,2.8
8691,2.7
8692,2.8
8693,2.8
8694,2.4
8695,0.8
8696,0.3
8697,0.3
8698,0.6
8699,1.2
8700,1.6
8701,1.8
8702,1.6
8703,1.5
8704,1.5
8705,1.4
8706,1.3
8707,1.2
8708,1.1
8709,0.5
8710,-0.2
8711,-0.8
8712,-0.6
8713,-0.7
8714,-0.6
8715,-0.5
8716,-1.3
8717,-2.0
8718,-2.4
8719,-2.1
8720,-0.9
8721,0.5
8722,1.8
8723,2.7
8724,2.8
8725,2.0
8726,1.1
8727,0.2
8728,-0.5
8729,-0.6
8730,-0.7
8731,-0.5
8732,0.0
8733,0.2
8734,0.3
8735,0.5
8736,0.4
8737,0.1
8738,0.7
8739,1.6
8740,2.8
8741,3.7
8742,4.3
8743,4.6
8744,4.6
8745,4.7
8746,4.7
8747,4.7
8748,4.7
8749,4.5
8750,4.2
8751,3.7
8752,2.9
8753,2.6
8754,3.3
8755,4.3
8756,5.4
8757,7.4
8758,8.0
8759,7.2
